,r10c3
0,0.00039125472943442904
1,0.00041120289006952226
2,0.00041383313917876027
3,0.00042268983892929465
4,0.00044387322092326255
5,0.00045020463100776666
6,0.00043355849131621196
7,0.0003821679666486528
8,0.00033998336757014015
9,0.000268553108189784
10,0.00021205074548655555
11,0.00020309554762356895
12,0.0002053938479308806
13,0.00021997571638458888
14,0.00023708698100226292
15,0.00030411762773032883
16,0.000339712165192402
17,0.00035384293030348495
18,0.00037509975829372723
19,0.0003851362871251496
20,0.0003923988559447352
21,0.00042468421707652515
22,0.00043723354256617415
23,0.00044836824974891045
24,0.0005087424864130081
25,0.0005199055176901565
26,0.0005288002583189503
27,0.000519750420964308
28,0.0005114613433368537
29,0.0005012427156965785
30,0.000488383452894943
31,0.0004879590541827552
32,0.0005067160825394238
33,0.0005594699232087017
34,0.0006022720172906536
35,0.000674044041407639
36,0.0007356816334858835
37,0.0007430062294282087
38,0.0007277297679182728
39,0.00069755926148582
40,0.0006705488498097075
41,0.0005559409542193011
42,0.0005010654670170783
43,0.0004958124960010554
44,0.0005936622114330964
45,0.0006362814878624925
46,0.0006554933294562996
47,0.0006219039941098583
48,0.0006040812807905074
49,0.000588989487749098
50,0.0005841443985652369
51,0.0005822056027351329
52,0.0005725276694980753
53,0.00047712171694106
54,0.0004345995422495665
55,0.0003873098887064208
56,0.00033906299975317483
57,0.000361953957782023
58,0.00038096351510529463
59,0.0003781161669351826
60,0.000349724592103346
61,0.0002967603698436598
62,0.00024476775986813365
63,0.00024210343591485968
64,0.0002593292115081628
65,0.0002802281131723155
66,0.00028785394593904966
67,0.0003035973336156479
68,0.0003187158230249234
69,0.0003307353937557545
70,0.00040107944725060855
71,0.0004343622825147235
72,0.00044847824109803914
73,0.0004248077177297273
74,0.0004107838785538211
75,0.00039950420455764867
76,0.00038300056943328306
77,0.0003860626948817343
78,0.00039251335039522167
79,0.0004586147222544623
80,0.0004898593877434635
81,0.0005277871100888716
82,0.0005900335297332627
83,0.0005931085778432252
84,0.000590388489796256
85,0.0005701729358287934
86,0.0005480332438327107
87,0.0005145561224670775
88,0.00048807747335460856
89,0.0005015956762173177
90,0.0005651715766339594
91,0.0006311032187535816
92,0.0006450778377922611
93,0.0006386297023630198
94,0.0006296120559861574
95,0.000628258762483424
96,0.0006438397410585745
97,0.0006537222886112738
98,0.000658441613197397
99,0.0006726275227093277
100,0.000671520916535289
101,0.0006667665669094305
102,0.0005526126417738901
103,0.0005091132445123246
104,0.0004715271960152616
105,0.00047747820557974364
106,0.0005211743511890744
107,0.0005680098029253577
108,0.0006241999065340646
109,0.0005985200249767576
110,0.0005591376934793511
111,0.0004900337775732945
112,0.00047231714740684783
113,0.00044232547606758485
114,0.0004041958991053489
115,0.00039500385463608423
116,0.00038008189874772034
117,0.0003658821246411504
118,0.00036066058444634793
119,0.0003494603137603562
120,0.00033849761678691673
121,0.0003313034372699707
122,0.00029270268717942484
123,0.00026914969888783735
124,0.00025999891769963856
125,0.0002718648459171698
126,0.0002803347333923542
127,0.0002862175932687643
128,0.00026585444499019253
129,0.00025352841548989167
130,0.00024249905609121405
131,0.0002330059896243942
132,0.00023938226547105048
133,0.00024521774776363367
134,0.00024312424354853233
135,0.00022687461639103227
136,0.00021155767654430394
137,0.00020785010381370997
138,0.0002303529110306578
139,0.0002672388388112944
140,0.000316125225995348
141,0.00032036163633934576
142,0.0003142065495263565
143,0.0002973428893827914
144,0.00028641628332078486
145,0.00024109555094269824
146,0.00020051717919951568
147,0.00019120590582641044
148,0.00020412535319738596
149,0.0002166710679433774
150,0.000221743914905088
151,0.00022314958484728411
152,0.00022158914868209152
153,0.0002195319254175629
154,0.00020137268583178598
155,0.00019528159263350534
156,0.00019150823331023087
157,0.00021480103323162145
158,0.0002286763526884329
159,0.00024348381412631038
160,0.00028002110271099713
161,0.0002865575485022792
162,0.0002923130904175472
163,0.00029085707662842794
164,0.0002768808959637729
165,0.00025472559597050697
166,0.0002175335564483951
167,0.00019928120594665284
168,0.00017682353715670995
169,0.000169084226235759
170,0.00019354129681628207
171,0.00029818404392871587
172,0.00040449422750466076
173,0.0004284606748640366
174,0.0004008910440998549
175,0.0003658631042020208
176,0.0003488303918496838
177,0.0002711780609908195
178,0.00023584055559670717
179,0.00022659930751535863
180,0.00033899666783078865
181,0.00039796841564264016
182,0.0004402022183332368
183,0.0004799540685442649
184,0.0004748481960850733
185,0.0004670836677965187
186,0.0004685417141781774
187,0.0004766429752974404
188,0.00048499228706966254
189,0.0004923221710576189
190,0.00048437936126815163
191,0.0004753578314827788
192,0.00046637401207281354
193,0.00046776107470444486
194,0.0004775864617888996
195,0.0005005843292277821
196,0.0005174864103278862
197,0.0005598020289994828
198,0.0006055090778986414
199,0.0006198887364449559
200,0.0006476563301548839
201,0.0006642042278736966
202,0.000665019214856318
203,0.0006298433914573793
204,0.0006059524309493886
205,0.0005954298894116037
206,0.0005863287910646243
207,0.0005803073761301058
208,0.0005749502388777198
209,0.00051011860940024
210,0.0004857555090430974
211,0.0004664406001349099
212,0.0004426108157048151
213,0.0004449142801191884
214,0.0004483930705130919
215,0.000462949597660627
216,0.0004675121482189281
217,0.0004711143235900355
218,0.0004693335990114475
219,0.0004629891340642914
220,0.0004496322165933334
221,0.00042536841581805894
222,0.00041181313053536113
223,0.00039020030139814185
224,0.00037419175954599604
225,0.000379897569044617
226,0.00039289578350778327
227,0.0003972729715415688
228,0.0003890314615370812
229,0.0003432700283936343
230,0.0003121786336022245
231,0.0003005307794289806
232,0.0002855714849809177
233,0.0002822012482487369
234,0.00028276210332592327
235,0.0003177057236836539
236,0.0003272792510697808
237,0.0003321854584935387
238,0.00029498322295844415
239,0.0002794716004067752
240,0.0002619669217192835
241,0.00020322511300410433
242,0.0001918343983122482
243,0.00018445834307587454
244,0.00019842863252719358
245,0.00021292870978761576
246,0.00024008973987593276
247,0.0002886656278931515
248,0.00030610919660331777
249,0.0003125434095999207
250,0.0002870081230403414
251,0.00024200091393018506
252,0.00015879201213549746
253,0.0001083727775118177
254,0.0001272460024086603
255,0.00016743739662506693
256,0.00017255326679553002
257,0.0001475307636733211
258,4.4728658827762266e-05
259,4.58227901716541e-06
260,0.0
261,8.355617766637313e-05
262,0.00012439277955035482
263,0.00015283600371537973
264,0.000291447214258297
265,0.00031325847730782647
266,0.0003255074748559093
267,0.00021425352220708253
268,0.00018242357748013587
269,0.00014699292811977302
270,9.555581081266033e-05
271,9.303893244421217e-05
272,9.917488314207363e-05
273,0.00012901124292863446
274,0.00014534652816278843
275,0.00017898943802153073
276,0.00022731394556955694
277,0.0002439359833406333
278,0.0002609856918021318
279,0.0002648755616432896
280,0.0002540823217446158
281,0.0002285205040685963
282,0.00021080086632619692
283,0.00020683065124173033
284,0.0002063649396730488
285,0.00021570780911880038
286,0.00022854287911167328
287,0.00026329730311180563
288,0.0002688206254607229
289,0.0002656265136983458
290,0.0002326833610028928
291,0.0002288186259036257
292,0.00022819614030712216
293,0.0002587035696094231
294,0.00025968340315202535
295,0.000254847989439155
296,0.00019791491541926645
297,0.000186562886086231
298,0.00017271779111523028
299,0.00015514930885216982
300,0.00015871218743418046
301,0.00019346464494234374
302,0.00027271341198954914
303,0.00030050578515080197
304,0.0003055502501801014
305,0.00027867703023783303
306,0.00025246104826695065
307,0.000231833621645389
308,0.00023273743953204298
309,0.00024675409853349047
310,0.000264744773402202
311,0.00026801980878787883
312,0.00026260474264811753
313,0.0002757186578971799
314,0.0003036909981238903
315,0.00033410646500763643
316,0.00039529198702241354
317,0.0003745533379285997
318,0.00034154312620448624
319,0.00021465876827899997
320,0.00021406264854751062
321,0.0002188606989129681
322,0.00027498884149950586
323,0.00028805164448251434
324,0.00030386635467456323
325,0.0003279364642534529
326,0.00032866078604121333
327,0.0003195807572510456
328,0.00029466841072939135
329,0.00029380101425702216
330,0.0003216000140004565
331,0.0003714950876260876
332,0.0003858305579410965
333,0.0003828288401514103
334,0.0003678325954844995
335,0.00035873375281948456
336,0.0003562883539553417
337,0.000360185180881533
338,0.00036513553522373994
339,0.0003453114784095536
340,0.0003258647897517228
341,0.00031038368913843134
342,0.00029371786800204305
343,0.0002972445730469079
344,0.0003045989225084797
345,0.00032823314840107635
346,0.00033478295477014846
347,0.0003405116102784104
348,0.000351988966292905
349,0.00034903997197067597
350,0.0003503043271559499
351,0.00038296038028648606
352,0.00043083934520237095
353,0.0005111982465415596
354,0.0006476805147010753
355,0.0006534881108155253
356,0.0006381928189055996
357,0.0006013926153021873
358,0.0005953963681598447
359,0.0005923218901673019
360,0.0005925121193463126
361,0.0005924044497797188
362,0.0005834298761870368
363,0.0005751832186006301
364,0.0005722410491622937
365,0.0005645567256533358
366,0.0005632751182191901
367,0.0005657448420932365
368,0.0006025439632998086
369,0.0006205213354287291
370,0.0006316576538128687
371,0.0006154788038411136
372,0.0006021358005402227
373,0.0005894039218002997
374,0.000551195966086724
375,0.0005463296916700529
376,0.0005408687599970123
377,0.0005312721552492482
378,0.0005325186054425178
379,0.000530304385060742
380,0.0005160266205436834
381,0.0005069960515053098
382,0.0005023070836061382
383,0.0005126852367104777
384,0.0005332906848923847
385,0.0005839054780535629
386,0.0006435649775126066
387,0.0006633007983278938
388,0.0007022130804066869
389,0.0007319437123309092
390,0.00074074128512123
391,0.0007578843275881189
392,0.0007737981307977535
393,0.0007866687628974962
394,0.0008302429116416011
395,0.0008434470789569593
396,0.0008446291224069555
397,0.0007983445776120148
398,0.0007861790072463353
399,0.0007797701355559056
400,0.00080037493099468
401,0.0008105622517523042
402,0.0008228428123227481
403,0.000866069090290034
404,0.0008756303725454962
405,0.0008829027572997846
406,0.0008789760529157772
407,0.0008758008293913889
408,0.0008732810756481289
409,0.0008737902152915564
410,0.0008772185213748246
411,0.0008797661199833616
412,0.0008801954431880435
413,0.0008796696957763054
414,0.000873513914907327
415,0.0008655459869011116
416,0.0008612511023400328
417,0.0008694531916168542
418,0.0008872164805234246
419,0.0009056363133453922
420,0.0009469288439136376
421,0.0009644937484833257
422,0.0009703450535999459
423,0.0009562370436102198
424,0.0009390372620662226
425,0.0009221211345949106
426,0.0008458826370986855
427,0.0008333852501322203
428,0.0008243539209372873
429,0.0008226798496290233
430,0.0008350861830597765
431,0.0008555006832189699
432,0.000917278524182439
433,0.0009268321222465933
434,0.0009319555774575086
435,0.000925651648685144
436,0.0009260529617731232
437,0.0009319299634864825
438,0.0009453683746981598
439,0.0009544860395005934
440,0.0009840019271967616
441,0.0010171797038668134
442,0.0010288609140403902
443,0.0010288897504142228
444,0.0010227005061314845
445,0.0010184250386129576
446,0.0010173265297587918
447,0.0010204397013727265
448,0.001024660057540691
449,0.0010258441666335116
450,0.001024691207434487
451,0.0010232041924778548
452,0.0010002488690185898
453,0.0009891264565419459
454,0.00097927714105101
455,0.0009668389140950437
456,0.0009771107774821965
457,0.000988833135260841
458,0.0010110848181483067
459,0.0010163749294223173
460,0.0010209060408968268
461,0.0010207365755594898
462,0.0010150268082892168
463,0.001006080343964093
464,0.0009990352625462325
465,0.0010087316378424287
466,0.0010343551108254795
467,0.0010614441160797853
468,0.0010642119948391464
469,0.001052604734678693
470,0.0010448146172068263
471,0.0010499038653725649
472,0.0010877991571256254
473,0.0011129063846539314
474,0.0011225404601625352
475,0.001135463039048033
476,0.0011333146052589379
477,0.0011265584659593938
478,0.0010354870004676922
479,0.0010052334304059734
480,0.0009847295292253276
481,0.0009499244391379916
482,0.0009506964111744316
483,0.0009549301527078999
484,0.0010017368754837777
485,0.001013960440837403
486,0.0010169363711420658
487,0.0009809239541365596
488,0.0009660145573565696
489,0.0009548116674354762
490,0.0009574580863967458
491,0.0009694245205315548
492,0.0009860446000732332
493,0.0010007787477159772
494,0.001002839102495028
495,0.0009942146305734155
496,0.0009797576921977442
497,0.0009698440112763912
498,0.0009385624947193976
499,0.0009142886301322812
500,0.0009020858038326158
501,0.0008763792920080129
502,0.0008709833371956656
503,0.0008744736951893872
504,0.0008731261524362777
505,0.0008704499882183326
506,0.000867732511143894
507,0.0008436867761503356
508,0.0008357076110471537
509,0.0008274090975632763
510,0.0007865008343984207
511,0.0007732223783045154
512,0.0007522470974312774
513,0.0006933731123630325
514,0.0006835521457542225
515,0.0006730645383678886
516,0.0006635817918526209
517,0.0006619297237717254
518,0.0006587179383693403
519,0.0006532065471733785
520,0.0006485883068845239
521,0.0006210129666835748
522,0.0005869600597744184
523,0.0005738022454840458
524,0.0005319094556360903
525,0.0005004751145603555
526,0.0004904051223151731
527,0.00048236161656928835
528,0.00048231739528769755
529,0.00048513917079964005
530,0.0004898963214371688
531,0.0004911167858437039
532,0.0004914241204457315
533,0.0004695575807942134
534,0.0004595620260538614
535,0.00045075884297762883
536,0.00039667674439665255
537,0.00038146436738970967
538,0.00036067189590645586
539,0.0002988644584125948
540,0.0002825289666141584
541,0.0002638646195197476
542,0.00024556661004900856
543,0.0002550331040865317
544,0.0002614988387926393
545,0.00025620516635039886
546,0.0002411795895553776
547,0.00021412945969903215
548,0.00019201041586862502
549,0.0001946405493018648
550,0.0002024757308375949
551,0.0002130525161559559
552,0.00022223980964672374
553,0.00023419114806376987
554,0.00023500379673871367
555,0.00022972132834315437
556,0.000195162537243662
557,0.0001753746622291928
558,0.00016242263553958638
559,0.00011418106768225678
560,0.00010303842843107367
561,9.720413594875749e-05
562,9.706388706353287e-05
563,0.00010692344814287912
564,0.00012138360065878585
565,0.00019059059214179415
566,0.00020038928285838267
567,0.0002015226597634292
568,0.00016821423531600203
569,0.0001571827359113581
570,0.00013142197204360785
571,8.590807727369958e-05
572,7.751359237167305e-05
573,7.640039183948088e-05
574,8.461201860235239e-05
575,9.010851238226267e-05
576,8.803640822682506e-05
577,8.34777658647482e-05
578,8.339280184408338e-05
579,0.00010668627929632043
580,0.00012996509894707352
581,0.00014471967992863913
582,0.00017936155944511153
583,0.00019452770736563807
584,0.00020046479449748174
585,0.00015484468437352832
586,0.0001254186521402336
587,0.0001006138677717462
588,4.9935040509260126e-05
589,4.769403700261956e-05
590,4.6915577195195625e-05
591,3.411158934303429e-05
592,2.9203428647421423e-05
593,2.7520132178302396e-05
594,4.5937890268616765e-05
595,6.71488362004372e-05
596,8.98914959471016e-05
597,0.00010399939852340094
598,8.488019687899522e-05
599,5.032335326755793e-05
600,1.460619428986888e-05
601,2.017310087612979e-05
602,4.0412849304869385e-05
603,6.495543667207711e-05
604,7.683466267185648e-05
605,9.998501173277132e-05
606,0.00011216533078821909
607,0.00011176768628189651
608,0.00010401431246459514
609,0.00010797568659777214
610,0.00011801214106605284
611,0.00014840475367758666
612,0.00014337558266776116
613,0.00012944518491067236
614,3.165256302004844e-05
615,2.496225162604143e-05
616,2.6049720858695097e-05
617,0.00012846934219000737
618,0.00014248261353722242
619,0.0001505462221190771
620,0.00011394761699278253
621,0.00010471952292494157
622,9.156301412083428e-05
623,7.241064073143554e-05
624,7.813898721953091e-05
625,0.00012210743495483963
626,0.000210208712628931
627,0.00023326856587769652
628,0.00022611636848551928
629,0.00019398160097821996
630,0.000179219377118203
631,0.00018059505392658474
632,0.00019301968895276463
633,0.0002032966999218365
634,0.00020529691144440389
635,0.00020141658487309613
636,0.0001969150451412648
637,0.0001813160045852553
638,0.00017658611217044097
639,0.00017577869370312928
640,0.00021198585951414663
641,0.00023437646101285775
642,0.00025441622877593996
643,0.0002781670643372755
644,0.00027224258588923373
645,0.0002640109331323055
646,0.00022960586717182593
647,0.0002186446409360777
648,0.00020813638538406829
649,0.0002037178183932188
650,0.00021381201997230627
651,0.00023840880237091953
652,0.0002870082056660544
653,0.00031083129741339737
654,0.00034011015672671914
655,0.00035475412666630867
656,0.00033906006654036374
657,0.0003106990632223325
658,0.0003030320084873889
659,0.0003238479126228459
660,0.000373559829830498
661,0.0003871316237306507
662,0.00037072622231645576
663,0.00028996802395668477
664,0.0002612770135409823
665,0.0002579831394927444
666,0.0002782397006015626
667,0.00027424045910412356
668,0.00026548235661689686
669,0.00020988484462173475
670,0.00021773598118264266
671,0.00023138114671592808
672,0.00032616515900614544
673,0.0003421749319814148
674,0.0003586054516123579
675,0.00037500004558329415
676,0.0003800639276551456
677,0.0003880964854940597
678,0.0003961031071216671
679,0.0003825733201339971
680,0.00031865445690788775
681,0.00021773176727128032
682,0.0001961296381638929
683,0.00020028619901885976
684,0.0002255725673554935
685,0.00024286683966486306
686,0.0002904701156267946
687,0.00032601305333110716
688,0.00033968094919803536
689,0.0003638033525906747
690,0.00037142124502639087
691,0.00037067367236299587
692,0.00029840755474491774
693,0.0002665975889153714
694,0.00024730393134056434
695,0.0002791909208597574
696,0.0002992589135663961
697,0.00031793230817637894
698,0.00031042448145293314
699,0.00030008989688705173
700,0.00029268554234397994
701,0.0003081558272514414
702,0.00032141417224680553
703,0.0003288063312346404
704,0.0003147530690423395
705,0.0002989651626315837
706,0.0002804264479337701
707,0.0002667833480433094
708,0.00027169992499404715
709,0.0002798139022105389
710,0.00028731667224034984
711,0.0002894144482048126
712,0.0003029214387582694
713,0.0003204622166197652
714,0.0003338679824122412
715,0.0003588017620438444
716,0.00037021110883397917
717,0.00037249841992146346
718,0.00037461511717420026
719,0.00037580339886552684
720,0.00037675634600112305
721,0.00036521740904273906
722,0.000350399974681304
723,0.0003354305337956863
724,0.0003052327360902339
725,0.00032028777721450645
726,0.00033793825723513546
727,0.0003806908006770088
728,0.0003786857307625178
729,0.0003707894061991771
730,0.00034171481417350245
731,0.0003293347970323358
732,0.00030693342940322235
733,0.0002757377526994513
734,0.00027615584706973823
735,0.0002848354303419131
736,0.00029515552235773656
737,0.0002915082663976233
738,0.0002705142212249658
739,0.0002549663011975815
740,0.00025820707996265384
741,0.00029474123703281834
742,0.00032151108394556834
743,0.000331769446291219
744,0.00034703890940326486
745,0.0003540487013791085
746,0.00035778852292548134
747,0.0003605067932067647
748,0.00036535831893366754
749,0.00037057116690346385
750,0.0004225687757346257
751,0.00043090894084042014
752,0.0004370871132776181
753,0.0004257446354770039
754,0.00041694249348475497
755,0.00039556706454609085
756,0.0003182404690355363
757,0.0003055280321258791
758,0.00030763626850560606
759,0.00034240516853065384
760,0.0003532575684398265
761,0.0003568686673879365
762,0.00034977824097878865
763,0.0003454732182427262
764,0.00033916900854293747
765,0.00033476111679420597
766,0.0003343351647186139
767,0.0003297631535161757
768,0.00032749931639375107
769,0.0003285439367579067
770,0.00035739966153244926
771,0.0003773080709370243
772,0.0003889403832136553
773,0.0003862833551108381
774,0.0003802252378346107
775,0.0003742221740709467
776,0.00039586995388475957
777,0.00040706149929545986
778,0.00041698459128552203
779,0.0003878991009283044
780,0.00037035155602091496
781,0.00034776067805649395
782,0.0002948718434973373
783,0.0002860564731284392
784,0.0002943113271855742
785,0.00035333079134667586
786,0.0003882241009077685
787,0.00042187315811955707
788,0.0004353397281742205
789,0.0004182904163161443
790,0.0003875795129330409
791,0.0003600049494137938
792,0.0003553155849111998
793,0.00033547760566437514
794,0.00031484057793496436
795,0.00030270377784254697
796,0.00029930895996075246
797,0.0003119364163246022
798,0.00032970241535455877
799,0.00036606132328747724
800,0.0003721747584785497
801,0.00036903057743453076
802,0.0003658789022383439
803,0.0003735768589899447
804,0.0003824320797402167
805,0.0003890620000006013
806,0.0003749157756186184
807,0.00035805601540870636
808,0.000316433709094786
809,0.00031586498804972327
810,0.0003171264265473288
811,0.0003247623066007622
812,0.00032734203008650853
813,0.00033322720348288225
814,0.00034536116125077286
815,0.0003543009907311438
816,0.0003674079241074588
817,0.0003721683467232219
818,0.0003584780675506454
819,0.00032308554995682615
820,0.00030164498716861405
821,0.00030895371071147437
822,0.0003385705505037706
823,0.0003525743859945625
824,0.00035105051170736674
825,0.0003320839032297059
826,0.0003228085555166076
827,0.00031861302011282463
828,0.00031075319132691046
829,0.000310282059511457
830,0.0003110320613708138
831,0.00031896574101899605
832,0.00032331485283550843
833,0.0003278775108072365
834,0.0003368022776201298
835,0.0003248802878563368
836,0.000302971187700059
837,0.00024230300179943785
838,0.00024800360587814063
839,0.0002796788587452325
840,0.00035682915577198604
841,0.00036873035690639154
842,0.00036757345646085745
843,0.000350875683961257
844,0.00034396329117588275
845,0.0003309038841096781
846,0.0003193372427497295
847,0.0003155822098095956
848,0.0003067290381770057
849,0.00030137226447775697
850,0.00030038154086618296
851,0.00030496388028274454
852,0.00030084082415439406
853,0.00029251478804552045
854,0.00020940729278838216
855,0.00018176004342942024
856,0.0001687868232444326
857,0.00021091580695553353
858,0.00023301555768195814
859,0.00025480358638099563
860,0.0003616620824508954
861,0.0003750843981736829
862,0.0003768999742780089
863,0.00030495415523632593
864,0.00028958515292784435
865,0.0002952650510028725
866,0.0003561287789158494
867,0.00037212282821793717
868,0.000360460498019778
869,0.00031051288270325824
870,0.0002887270683733288
871,0.000254036828027045
872,0.0002268803423529423
873,0.000225562817521361
874,0.000275557793896565
875,0.00032640899574774227
876,0.00034820269257069067
877,0.000337598202850765
878,0.00031758787462922016
879,0.0003009019176065769
880,0.0002645382834828755
881,0.00025285215707937595
882,0.0002488448017369215
883,0.0002824285102723084
884,0.00029612971256414176
885,0.0003072553970190199
886,0.0002665773290905469
887,0.0002475904194752051
888,0.0002285951729254229
889,0.00021239488158114757
890,0.00021679953440193
891,0.00022396501800875558
892,0.00023925679832587928
893,0.00024333143578641924
894,0.0002488548077107643
895,0.00025481325358941515
896,0.0002550022599078736
897,0.00024196123706280858
898,0.0002190342707482405
899,0.00020776385083192254
900,0.00023632024743602614
901,0.00026584629809489195
902,0.00026583912618300467
903,0.0002939007682803117
904,0.0002823430504973657
905,0.0002414939638681516
906,0.00021903209769198894
907,0.0002390092103769129
908,0.00026987207070877124
909,0.0003324019874369931
910,0.00034356466342357566
911,0.0003463629567078872
912,0.0003213009998077269
913,0.0003050403008046865
914,0.00028827985670178515
915,0.0002615642700947539
916,0.0002640244011235224
917,0.0002624796307935122
918,0.00024090050468462046
919,0.0002233930580357437
920,0.000214509215738493
921,0.00023420037735591054
922,0.0002651590174142637
923,0.00031223056386283694
924,0.0003570697040102059
925,0.00035988443981140196
926,0.00035455398240173957
927,0.00034216335611902526
928,0.00033138667441323405
929,0.00030155630499086484
930,0.0002783400330048431
931,0.00026706892729510737
932,0.0002464406413661306
933,0.0002398017727410295
934,0.00023978056272050567
935,0.0002463151246455316
936,0.0002501651441053157
937,0.00025319091424005246
938,0.0002803049633479649
939,0.0002956919780618778
940,0.0003108932336478526
941,0.00035770750015132603
942,0.00036727887926891523
943,0.00037664749488683363
944,0.0003814110077042625
945,0.0003695596629250735
946,0.00035692738121958535
947,0.00034989005009360304
948,0.0003651533823777452
949,0.0003821512679920581
950,0.00038760311909924136
951,0.0003683049088476487
952,0.0003369342226211992
953,0.0003167858764086804
954,0.00032463626933817145
955,0.0003530624643437497
956,0.00037993646096772015
957,0.00039422071160324825
958,0.00040905671196239153
959,0.00039986325459343485
960,0.0003801512051957741
961,0.00033458656997552034
962,0.0003295443936784706
963,0.00033619942389303203
964,0.00038349970310286796
965,0.00040961265080965514
966,0.00043312616053557733
967,0.0004643285299221004
968,0.000432048134595661
969,0.0003935652996601192
970,0.00030764368003206107
971,0.0003215263531773284
972,0.00034319048461974147
973,0.0003809260030315984
974,0.0003680970556040579
975,0.0003424682863128048
976,0.0003067489179235505
977,0.00030763132748796946
978,0.00031709830075462794
979,0.00033198780126293047
980,0.00033855915641794966
981,0.0003469618609259042
982,0.00034693753591600067
983,0.0003388341761036278
984,0.0003121893749449128
985,0.00029712641001476475
986,0.00029355748323056343
987,0.00029002625029662694
988,0.00028872960498271756
989,0.00028809308127757745
990,0.00028913265321066947
991,0.0002898987753466302
992,0.0002905837425072947
993,0.00029539323653400096
994,0.00029974958636297107
995,0.00030461900055673565
996,0.00031629573241666857
997,0.00030980735000263115
998,0.00030403473761506
999,0.0003082487729159808
1000,0.0003378269603997416
1001,0.0003895027999168171
1002,0.0004619264269315629
1003,0.0004470046776074814
1004,0.00040309969550857534
1005,0.0003541528428277576
1006,0.00036529062368701706
1007,0.0004100085353882911
1008,0.0004470819161239819
1009,0.0004446348399578654
1010,0.0004220221157549306
1011,0.0004116263716362959
1012,0.0004166007287481257
1013,0.0004439831461718208
1014,0.00045486779489677245
1015,0.0004563908016139818
1016,0.00044177944404330836
1017,0.00043017415863739556
1018,0.00041983397204817355
1019,0.00037965511215242717
1020,0.000372857618683533
1021,0.000367998896257029
1022,0.0003668274702111518
1023,0.00037136176277561135
1024,0.00037769642005063583
1025,0.00039234990020979024
1026,0.0003881598098404932
1027,0.0003798253954843226
1028,0.00036518635003722716
1029,0.00036929594643693203
1030,0.0003884882139993324
1031,0.0004268590332557773
1032,0.0004495959521679033
1033,0.0004973445998092647
1034,0.0005325105246477876
1035,0.0005223512222694373
1036,0.00047176814911947514
1037,0.0004375845118072302
1038,0.00043640825215714326
1039,0.00045956653741779056
1040,0.0004750536366578449
1041,0.000482104708439897
1042,0.0004946546536223934
1043,0.0004924798291805699
1044,0.0004864483504342096
1045,0.00045875422750827
1046,0.00045983997895235063
1047,0.00046383441163329385
1048,0.0004968141427318863
1049,0.0005015769945436113
1050,0.0005067789937572923
1051,0.0005149424968261486
1052,0.0005150720291563987
1053,0.0005147736594442303
1054,0.000513735682187399
1055,0.0005157216820873326
1056,0.000518750649837162
1057,0.0005193247746038541
1058,0.0005108750973780663
1059,0.0004979419837141627
1060,0.0004975655327032214
1061,0.0005199221254584669
1062,0.0005760463185359239
1063,0.0006109772888969962
1064,0.00060515635699247
1065,0.0005637845387900419
1066,0.0005292960621723018
1067,0.0005085798707472779
1068,0.000467048411404787
1069,0.0004663628328138463
1070,0.0004796711250527112
1071,0.0005412007335866526
1072,0.0005597235758850014
1073,0.0005713194997976328
1074,0.0005918521712515405
1075,0.0005837154141259781
1076,0.0005746681712187238
1077,0.0005599944394973162
1078,0.0005772129192401625
1079,0.0006009212769224514
1080,0.000644115710939952
1081,0.0006379556170087557
1082,0.0006230400976634335
1083,0.0005956025275763193
1084,0.0005913115098986083
1085,0.0005842060373471254
1086,0.0005738126150110258
1087,0.0005651493998925937
1088,0.0005557358358868101
1089,0.0005580932301040502
1090,0.000571763075937805
1091,0.0006088324493264158
1092,0.0006375475368748828
1093,0.0006522620691733635
1094,0.0006676774079816885
1095,0.0006536172134920679
1096,0.0006290987602693666
1097,0.0005769245720269795
1098,0.000582852471179539
1099,0.0006003437397138128
1100,0.0006564392947191484
1101,0.0006572830189247468
1102,0.0006549493300245627
1103,0.0006385709059056581
1104,0.0006358600802011149
1105,0.0006345168835605084
1106,0.0006425505816342618
1107,0.000653248050069012
1108,0.0006653698866448073
1109,0.0006749419102429578
1110,0.0006661583342484173
1111,0.0006406052748979744
1112,0.0005976791265705435
1113,0.0005770659941973286
1114,0.0005560958939562948
1115,0.0005562495943075938
1116,0.0005786552502112112
1117,0.0006201276156437734
1118,0.0006378354544343583
1119,0.0006297276328334841
1120,0.0006111004838350602
1121,0.000607528351173195
1122,0.0006123841238617454
1123,0.0006121895568328029
1124,0.0006024668487218776
1125,0.0005908850042307392
1126,0.0005838370061252103
1127,0.0005974664810355994
1128,0.0006128201149614654
1129,0.0006715769780815508
1130,0.0006847440051389214
1131,0.0006925616782860695
1132,0.0006520765000845654
1133,0.0006106342021489591
1134,0.0005584698463664175
1135,0.0004887701494942948
1136,0.0004924134476827559
1137,0.0005098422098651549
1138,0.0005480355243023891
1139,0.0005688629712499505
1140,0.0005994087884585054
1141,0.0006237721449553581
1142,0.000624975233174452
1143,0.000579131868374007
1144,0.0005124256928208421
1145,0.00046190816664899264
1146,0.0004070798917791708
1147,0.0004053676391289354
1148,0.00043078604335492285
1149,0.000464499424684272
1150,0.00046658300555124356
1151,0.00045888009951943485
1152,0.0004984509333184505
1153,0.0005315202967904915
1154,0.0005626889466235445
1155,0.0006078211271245941
1156,0.0006010409850554274
1157,0.0005921827319414888
1158,0.000560491218334081
1159,0.0005511463658712177
1160,0.0005360653224350681
1161,0.0005002516285318675
1162,0.0004899180106868279
1163,0.0004830356853984099
1164,0.0004867774569116092
1165,0.0004943093525052483
1166,0.0004968175469112614
1167,0.0004905926826836544
1168,0.0004833112008383659
1169,0.00046534566897411643
1170,0.00044903618775012837
1171,0.0004438619507760111
1172,0.00044782748924512264
1173,0.00045527332189611406
1174,0.00046126587566908605
1175,0.00046119432180163905
1176,0.00045812119060821793
1177,0.00045487308294240366
1178,0.00045364857813850345
1179,0.00045576683701721576
1180,0.0004583870140520406
1181,0.000491217134772127
1182,0.0004997901804499761
1183,0.0005063941975493392
1184,0.00048773922021078114
1185,0.00047699214329795334
1186,0.0004586230344011888
1187,0.0004022598629740587
1188,0.0003915587755330796
1189,0.0003956383953241127
1190,0.0004348644320228324
1191,0.0004481043101713439
1192,0.0004427406041747755
1193,0.00041450153988397087
1194,0.0004038905144701479
1195,0.00041579121985027545
1196,0.00043939434542450363
1197,0.0004480360282821312
1198,0.00042855020808662967
1199,0.000406493356630388
1200,0.0003968285113062676
1201,0.00040823682527499003
1202,0.0004156753538129534
1203,0.0004173763115282234
1204,0.00036510256756425803
1205,0.0003431950207713844
1206,0.0003313917311068689
1207,0.00034733915471911795
1208,0.0003547074183507569
1209,0.00036109928566945395
1210,0.00037057513293768717
1211,0.00037496080663219645
1212,0.00038413096355009073
1213,0.0004273087567489957
1214,0.0004261872035834777
1215,0.00040561562368132415
1216,0.00033208130878231815
1217,0.0003188105616674346
1218,0.00031127905441464675
1219,0.000316524514753359
1220,0.0003227278632453042
1221,0.0003419420679345027
1222,0.00036311981485484486
1223,0.00036616912505521175
1224,0.00036023880496926174
1225,0.0003518032402152522
1226,0.000347429489411127
1227,0.00033713639121573654
1228,0.00033507408646985914
1229,0.00033854553970044936
1230,0.00035907321229872147
1231,0.0003660260421080316
1232,0.00036765556163185294
1233,0.00035965501299415015
1234,0.0003544523445121939
1235,0.000349791527193437
1236,0.0003318574344129791
1237,0.00033038527555954213
1238,0.00032902970158713024
1239,0.00032937641560396746
1240,0.0003348555662467217
1241,0.0003399633638850259
1242,0.00033789453997039385
1243,0.00031568403773828114
1244,0.00028026636887742854
1245,0.0002386293056111687
1246,0.0002545303596732893
1247,0.00029620929765089115
1248,0.00034602085320583465
1249,0.00035309225917585287
1250,0.0003533159187183381
1251,0.0003452101792854312
1252,0.00033583999377896607
1253,0.00030405889737353747
1254,0.00027934410893163585
1255,0.0002666944014632786
1256,0.00026481538533652094
1257,0.0002840722166310496
1258,0.0003089656583895723
1259,0.0003434902011310315
1260,0.0003301393979628346
1261,0.0003084490741694046
1262,0.00023411028227846923
1263,0.00021865923263699122
1264,0.00020631650448009567
1265,0.00021593000618616576
1266,0.00023961740172506968
1267,0.00026534245475966684
1268,0.00029540359779840953
1269,0.00028907633552469736
1270,0.000286740564456546
1271,0.0002968180756416101
1272,0.00030798608098668036
1273,0.0003313951187611014
1274,0.00036338534084610083
1275,0.00037457434138484105
1276,0.00037256775115723106
1277,0.0003564054345906447
1278,0.00034126833787080445
1279,0.00033351639347833776
1280,0.00033851877723201275
1281,0.00034818072239360735
1282,0.00037917394957541706
1283,0.00039513030502724
1284,0.00040107240753986203
1285,0.00035292008371512994
1286,0.000323286875769091
1287,0.0003008522099776437
1288,0.0002816749224570079
1289,0.0002809444202659161
1290,0.0002815212386308516
1291,0.00023267469356560042
1292,0.0002230898795070795
1293,0.00022030931770077502
1294,0.0002682841532314391
1295,0.0002838506888319594
1296,0.0002950994029734756
1297,0.00029121728342419603
1298,0.00028893911900313937
1299,0.0003026450805360408
1300,0.00033396785211152897
1301,0.0003369228533230922
1302,0.00029149824389863795
1303,0.0002254977580349548
1304,0.0002094062682295411
1305,0.00023521726026821634
1306,0.00027085220170394025
1307,0.0002869919697134524
1308,0.00032006534053257335
1309,0.00033659832431019206
1310,0.0003410163377087645
1311,0.00033098693947637296
1312,0.00032345316827904914
1313,0.0003178713634504795
1314,0.0002899211669148497
1315,0.00028840462979096723
1316,0.00029041854065674797
1317,0.0003289323602346599
1318,0.00033217475846370674
1319,0.0003340727785044515
1320,0.0003190864323979566
1321,0.00030344581458317186
1322,0.0002797125204607035
1323,0.0002354246590703857
1324,0.0002490758314930053
1325,0.0002597766710568454
1326,0.0002701567493402976
1327,0.00029500464780582176
1328,0.00029042635704919657
1329,0.00026323402834079997
1330,0.00026531735306806127
1331,0.00027980506125924924
1332,0.00029832283033882055
1333,0.00030980284690127337
1334,0.0003274147737642225
1335,0.0003301615994919143
1336,0.00032262167267897295
1337,0.00030809031332361376
1338,0.00030772351299594936
1339,0.00031287234256332304
1340,0.000319312917739826
1341,0.0003158497022928206
1342,0.00031074161546452094
1343,0.00026946079295980574
1344,0.00025200749094064957
1345,0.00023691715211178886
1346,0.0002582204570655865
1347,0.0002872390123327131
1348,0.000316715528876643
1349,0.00034067199504989005
1350,0.00032807276362959673
1351,0.00032335778515597667
1352,0.00034098489036240155
1353,0.00035660676866548075
1354,0.00035125736517983044
1355,0.0003157668287026944
1356,0.0002906293436382924
1357,0.0002709216486157061
1358,0.0002689050358891107
1359,0.0002782007756281743
1360,0.0002969611751139328
1361,0.0003089562555834344
1362,0.0003122432799600657
1363,0.000305329573425855
1364,0.0003005092802184613
1365,0.00029835559969659136
1366,0.0003283251356073451
1367,0.00034022535349576596
1368,0.0003465680915655207
1369,0.00031160031144931256
1370,0.00030041788791732607
1371,0.00029128425982714347
1372,0.00028995681991000373
1373,0.0002908951505569725
1374,0.0002912970502875139
1375,0.00028864826823085286
1376,0.0002925773191851092
1377,0.00030547002061279073
1378,0.00033956511621099857
1379,0.00034289728727720603
1380,0.00033508453862255203
1381,0.0003116609835103591
1382,0.0003010869744159545
1383,0.0002751339157263689
1384,0.00025207693785241536
1385,0.00025480737063865043
1386,0.00028734476498276553
1387,0.00031547825840008627
1388,0.00032200465690466914
1389,0.00032274321510277723
1390,0.0003152783537500849
1391,0.00030547847322322935
1392,0.00027706053252637855
1393,0.00027829665450552474
1394,0.00028889659154866484
1395,0.0003395414026313712
1396,0.0003524557106829989
1397,0.00036047486663126643
1398,0.0003676893307607508
1399,0.00035700100072985695
1400,0.0003452135586770924
1401,0.00032378772805350596
1402,0.00032818824958863907
1403,0.00033118702590294297
1404,0.00032696501722071885
1405,0.00031887746370724043
1406,0.00030708470055855946
1407,0.0002925365351331787
1408,0.00029059196376573696
1409,0.00029681292805969103
1410,0.0003113752637948491
1411,0.00032087893114064525
1412,0.00032362333593494646
1413,0.00031724943144625294
1414,0.0003087080644667632
1415,0.0002996263418494792
1416,0.00029832752347931825
1417,0.0003013800726076342
1418,0.0003187398588448314
1419,0.0003316430289503484
1420,0.0003413621924181867
1421,0.00042738750731604393
1422,0.00045646573487309
1423,0.00047419710546673353
1424,0.0003831920875734162
1425,0.00035088150907402256
1426,0.00032052067431170367
1427,0.00029505742084870673
1428,0.00029568481441256175
1429,0.00029844462890233513
1430,0.00031036426383330805
1431,0.0003099165481449152
1432,0.0002976983038872062
1433,0.00026465475268790237
1434,0.0002624521660065152
1435,0.00027737684028083647
1436,0.0003055964792665178
1437,0.00030945285264363055
1438,0.00030600331175212455
1439,0.0003042105899200108
1440,0.00031186470546830055
1441,0.00034808738012564566
1442,0.000375539037896824
1443,0.00038467709472522277
1444,0.0003896861463739359
1445,0.00037697443657055306
1446,0.00035821855671129495
1447,0.0002946892902470632
1448,0.0002824800108792134
1449,0.00028305285494735423
1450,0.0002974619943480626
1451,0.0002959482169229939
1452,0.0002931327209652384
1453,0.00027632853480988166
1454,0.0002708857890562696
1455,0.00026827697305698044
1456,0.00028722753562117917
1457,0.0003070059499915113
1458,0.0003285529760109075
1459,0.0003456618610080475
1460,0.00033267414001043064
1461,0.0003221264719933263
1462,0.00032224688244486267
1463,0.0003322905005624594
1464,0.00034593792177770933
1465,0.0003554411181569414
1466,0.00035526940540021125
1467,0.0003559573222988294
1468,0.00035682320672065094
1469,0.00035730057677743496
1470,0.0003616955128143701
1471,0.0003636450334620198
1472,0.00036355255050147313
1473,0.00034489065739073813
1474,0.0003331090487133104
1475,0.00032456248457647376
1476,0.00029190144911544455
1477,0.0002847901349260535
1478,0.00028077839215823945
1479,0.0003113541364000383
1480,0.0003132558580727248
1481,0.0003107769049065378
1482,0.00026514847437328657
1483,0.00025812122358428877
1484,0.00025680872239605706
1485,0.0002753249959502233
1486,0.0002782710074842135
1487,0.00027732410028823666
1488,0.00027435391247062637
1489,0.0002857749590617202
1490,0.0003303819044304523
1491,0.00038371912394627694
1492,0.00038611077478412157
1493,0.00036465862787094866
1494,0.00033749652364836285
1495,0.0003243662898209855
1496,0.0002943178876671854
1497,0.0002804782873060983
1498,0.0002806582130586994
1499,0.00028395809399627155
1500,0.00027953475950178266
1501,0.0002723304335472818
1502,0.0002776267995877656
1503,0.00029810847445161764
1504,0.00032048433552313185
1505,0.0003281314444109603
1506,0.0003021449884081853
1507,0.00027332136372313823
1508,0.00020885819535015386
1509,0.00020211556535468334
1510,0.0002039364542923544
1511,0.00024718428930815877
1512,0.00026972598018563845
1513,0.00028573470381435277
1514,0.00028034578871275194
1515,0.00026769305714329937
1516,0.00025776146296737083
1517,0.00025632553548907876
1518,0.0002605332747106699
1519,0.0002717300833792875
1520,0.00028345425066104643
1521,0.0002884296158065746
1522,0.00031247913505778787
1523,0.00032955055755665944
1524,0.000334102110632562
1525,0.0003155308248786888
1526,0.0003030740401875856
1527,0.00029674421651677076
1528,0.00029257198156405024
1529,0.0002897271286904704
1530,0.00028703495160934837
1531,0.00027289392438471246
1532,0.0002730797909260773
1533,0.00027436667814328297
1534,0.0002862339448973645
1535,0.00027514690448845054
1536,0.0002599607859330949
1537,0.00022380681455609882
1538,0.000234833009389969
1539,0.00025867660057670404
1540,0.00031115109197294333
1541,0.0003233184140037382
1542,0.000338563452955025
1543,0.0003497790920236324
1544,0.0003439153104243511
1545,0.00033562881071914186
1546,0.0003315354089591825
1547,0.00033531146188070033
1548,0.0003374682243416647
1549,0.00033432494391791735
1550,0.0003283664071509822
1551,0.00033147679427838935
1552,0.00033886712723796714
1553,0.0003460634550234509
1554,0.0003077808882910477
1555,0.000278412330503707
1556,0.000254726290026496
1557,0.00026363482914935866
1558,0.00027821811050275907
1559,0.000292892709794153
1560,0.0003099584806942562
1561,0.00031098077559076266
1562,0.00031449822655577286
1563,0.00034081083103542254
1564,0.00034271218915497197
1565,0.00033691184757812223
1566,0.0003060711391999158
1567,0.00029848186831117846
1568,0.000292720947461995
1569,0.0002966935586921383
1570,0.0003114409842869592
1571,0.00037133038152981876
1572,0.0004400880709107449
1573,0.0004385469774249625
1574,0.00037576030129363267
1575,0.0003148229456078129
1576,0.0003020071521937799
1577,0.00030129885979433905
1578,0.00031275463397260135
1579,0.00032672687339074693
1580,0.0003659336748234832
1581,0.0003704132691659451
1582,0.00036151967703456186
1583,0.00033844524034745417
1584,0.0003395079226924687
1585,0.00034444246247320994
1586,0.0003642304944765338
1587,0.00037015061854950114
1588,0.0003751632231038727
1589,0.00036879620959964234
1590,0.0003592105610214202
1591,0.0003422731491664428
1592,0.0002946957267901049
1593,0.0002796937396361415
1594,0.00027341065733116365
1595,0.0002891541193709036
1596,0.0003004876735945151
1597,0.00030805400758532716
1598,0.000307349606856968
1599,0.0003037837289615759
1600,0.000308297431198359
1601,0.0003157010090597287
1602,0.000317710400299009
1603,0.0003060128632845459
1604,0.0002958013745058729
1605,0.0002922175089927635
1606,0.0003063697402640806
1607,0.0003129014433394372
1608,0.00031381756419475497
1609,0.0003051463922201622
1610,0.0003091569369151379
1611,0.000316025348033489
1612,0.0003614401002103838
1613,0.0003663705665434747
1614,0.00036877044690233294
1615,0.0003689276588464338
1616,0.0003758861733047975
1617,0.0003830792208494756
1618,0.00038869995065143366
1619,0.0003776664103916789
1620,0.00035710516696622007
1621,0.0003151375760602971
1622,0.0003002048292538171
1623,0.0002859629325587662
1624,0.0002814224348032614
1625,0.0002907480850504264
1626,0.0003188485529702662
1627,0.0003510441660526094
1628,0.0003629388480182601
1629,0.00035616304379902517
1630,0.00033921702234475436
1631,0.00032558990226718543
1632,0.0003393507933740808
1633,0.0003569934900525464
1634,0.00037026295646887865
1635,0.0003969737425219853
1636,0.0004035030329265227
1637,0.00040416840126806673
1638,0.00038100466271036234
1639,0.0003681014265042749
1640,0.00035649144795786445
1641,0.000301571384183485
1642,0.00029394831937813585
1643,0.000287636251973042
1644,0.0002940945090521243
1645,0.0002991964815776629
1646,0.0003091950438939676
1647,0.0003330448567968906
1648,0.0003377902911083178
1649,0.0003434288928519949
1650,0.0003463103902292847
1651,0.0003399791123459213
1652,0.000326297244470927
1653,0.0003116369890033076
1654,0.00030859215711658466
1655,0.0003077562327782923
1656,0.00031015751777427124
1657,0.00031351536891207525
1658,0.00032660879298431676
1659,0.0003363026564588383
1660,0.00034135561541143286
1661,0.00034989442099382005
1662,0.00035106221150832574
1663,0.00034966491981342656
1664,0.00032573838067342356
1665,0.00031799407089683695
1666,0.000313078650706081
1667,0.0004129706258860286
1668,0.0004340368694066944
1669,0.00044709127761726337
1670,0.0003545042665102351
1671,0.00033064319172263195
1672,0.00031594224309136636
1673,0.00034274718940699336
1674,0.00035010095222600307
1675,0.0003545118102378309
1676,0.000352003929809527
1677,0.00035163403928019685
1678,0.00035323478026818466
1679,0.0003501403894788119
1680,0.0003358703917787741
1681,0.0003051136807003905
1682,0.0002975948978074026
1683,0.00032731905187572677
1684,0.00039540016060585643
1685,0.0004128635016491406
1686,0.00038500540799577774
1687,0.0003434979431603384
1688,0.00034454842995011606
1689,0.00036286109722233914
1690,0.0003649422488933488
1691,0.0003439596886947965
1692,0.00031942463596635614
1693,0.00029108831294879416
1694,0.00029606227345720153
1695,0.00030327273850217737
1696,0.0003304150373413602
1697,0.00033341271473368126
1698,0.0003310827687782956
1699,0.0002978452454551828
1700,0.00028837175301976963
1701,0.00028462918829972553
1702,0.00029866604102542714
1703,0.0003108974475592149
1704,0.0003600962756143587
1705,0.0004341186027619815
1706,0.00043412408084675245
1707,0.0003804700330344781
1708,0.0003170251108980638
1709,0.00031156018840308594
1710,0.0003406363172670221
1711,0.0003647309832078117
1712,0.00036688448195311304
1713,0.00036271808037572945
1714,0.00036165094450478475
1715,0.00036323674676386447
1716,0.000369489282342751
1717,0.00036896846768607824
1718,0.0003665370243048589
1719,0.000370291288825862
1720,0.0003759705424203288
1721,0.00038174599713242677
1722,0.0003880403495846562
1723,0.0003833281142847072
1724,0.0003740362331664401
1725,0.0003262225590889578
1726,0.0003085331954077969
1727,0.00029213291678780714
1728,0.00028385622475472956
1729,0.0002853044634642567
1730,0.0002783439494636387
1731,0.00026161425865111124
1732,0.00026178773133552803
1733,0.0002922935411738544
1734,0.00033824996273738
1735,0.0003518627389911744
1736,0.00036763408720904753
1737,0.00037377957291418774
1738,0.00037086195983775127
1739,0.0003542802847274692
1740,0.000354762959355027
1741,0.00036767909343491165
1742,0.0004322506915310493
1743,0.00045337752448704866
1744,0.0004566202697440901
1745,0.0004297228322053451
1746,0.00039477482442225483
1747,0.0003594793672534818
1748,0.0003227537168308979
1749,0.0003559399213236743
1750,0.0003881619002710317
1751,0.0003915115136252509
1752,0.00036112817161871425
1753,0.00032894803433241356
1754,0.00029680521908066927
1755,0.00029903178374396535
1756,0.0003006789355949381
1757,0.00030031409349667144
1758,0.0002988534444050536
1759,0.0003026718843173339
1760,0.0003097422657285111
1761,0.00030952512535478054
1762,0.00029139608546710044
1763,0.0002724849932059958
1764,0.00026959969504590866
1765,0.00029822470404207684
1766,0.00032225090631708513
1767,0.0003313920533471496
1768,0.0003497842396055515
1769,0.00035329007339531573
1770,0.00035023792087042206
1771,0.00033724565545859085
1772,0.00033739636475907966
1773,0.00034031082979585136
1774,0.00033168078063861234
1775,0.0003129219510414006
1776,0.00029418689286181534
1777,0.00029308537643169674
1778,0.00031532545040648764
1779,0.00033993158603581105
1780,0.0003722708769704678
1781,0.00036828885467161525
1782,0.00036715560996770946
1783,0.0003736922457981315
1784,0.0003769603984619165
1785,0.00038645236600675357
1786,0.000398054404222146
1787,0.00039447704961522
1788,0.0003397430754716305
1789,0.0002756389653970037
1790,0.0002648711659553587
1791,0.0003157139647715251
1792,0.0003603885227611947
1793,0.00036904746613026536
1794,0.00034798260245900645
1795,0.00033866145531319923
1796,0.000340245489382021
1797,0.0003564793515534831
1798,0.00034377585474597115
1799,0.000323503255986262
1800,0.00027215081350981873
1801,0.0002830427167723707
1802,0.0002996148899256592
1803,0.00035940357468695856
1804,0.00036214875616296185
1805,0.00036041269904481477
1806,0.0003209445690070423
1807,0.00029788647568596347
1808,0.00028566747953426633
1809,0.0003128955025506734
1810,0.00033441950904643133
1811,0.00035558791099863464
1812,0.0003674861954453716
1813,0.00036366778032080523
1814,0.0003551118877409723
1815,0.00034636220481389904
1816,0.00034505929647094517
1817,0.0003580315995105186
1818,0.00036845686579640356
1819,0.00036713382156719477
1820,0.00033650646104249274
1821,0.0003232993935646085
1822,0.0003267444974553271
1823,0.00036412287448536783
1824,0.00035981743862074055
1825,0.00034046032449835923
1826,0.0002940504612845308
1827,0.0003231566163325665
1828,0.00036248500150196355
1829,0.0004304368588292673
1830,0.00041300313910408914
1831,0.0003924717400861613
1832,0.00034030041895601493
1833,0.0003301694324095055
1834,0.00033326846676394814
1835,0.00038992001845454636
1836,0.0004098651797762582
1837,0.00040079875944101946
1838,0.00033505833800896376
1839,0.00030731665572262867
1840,0.0002916361957890415
1841,0.0002966778184938142
1842,0.00030402266599839254
1843,0.00033438644223609377
1844,0.0003529312960243824
1845,0.00034029351970898047
1846,0.00026818308545931304
1847,0.00024117792877854656
1848,0.0002620736824030344
1849,0.00036043954413896435
1850,0.00037779589314650125
1851,0.00035659210260142554
1852,0.00029576270567219486
1853,0.0002884225017326864
1854,0.0002918284162477351
1855,0.000347829497012841
1856,0.0003709151046963447
1857,0.0003922104527939816
1858,0.00040456026197448024
1859,0.0003921767910785106
1860,0.00037651497976834463
1861,0.00034559592568908363
1862,0.0003384411421120899
1863,0.0003268146466856533
1864,0.00030964366020263206
1865,0.00031324262143350424
1866,0.00035368055425232236
1867,0.000422745553447562
1868,0.0004311799036035906
1869,0.00040973875417281636
1870,0.00037186260679745504
1871,0.00035270328210682266
1872,0.00031594837391927004
1873,0.000301832126145959
1874,0.0003113311251389713
1875,0.00035541599167762195
1876,0.00037485375675845015
1877,0.0003775341183626149
1878,0.00037855695858882713
1879,0.00037694736012440706
1880,0.0003748562272672685
1881,0.0003587664973895414
1882,0.0003492591284118034
1883,0.00034041464900421987
1884,0.00029871673190034483
1885,0.0002880672111668411
1886,0.00028033479949292464
1887,0.00029558235852845754
1888,0.0002991808983681935
1889,0.00029586815260710926
1890,0.00027318223028503894
1891,0.00026963425738165124
1892,0.0002808411794375385
1893,0.0003101104459055824
1894,0.0003149627235264735
1895,0.0003190159196144932
1896,0.00032100473705123965
1897,0.00032183624091388713
1898,0.0003244540713784632
1899,0.0003217966053593672
1900,0.00031398224550330993
1901,0.00030964375935348766
1902,0.0003155596034145223
1903,0.00032543792053071663
1904,0.00033426002489522327
1905,0.0003307442429696154
1906,0.00032392561384333914
1907,0.00034331183700440584
1908,0.0003527622768658956
1909,0.00036047472616755437
1910,0.00033947098899876345
1911,0.0003302254278551969
1912,0.0003213360165848909
1913,0.00031727951546835166
1914,0.000315372315710894
1915,0.0003114032573864092
1916,0.00030167136955877095
1917,0.00030604930948654454
1918,0.0003198758632475509
1919,0.0003423585015279586
1920,0.0003330041553706731
1921,0.0003193152808352174
1922,0.00031494761954613937
1923,0.0003320197691512852
1924,0.0003604064277531991
1925,0.0003740269625614429
1926,0.0003649779432013593
1927,0.00035243734298700174
1928,0.00034765571035071487
1929,0.00034843595322102503
1930,0.00033374824949155136
1931,0.0003240297387668457
1932,0.00031803183911024345
1933,0.00036082666212945236
1934,0.00037812404116563023
1935,0.00038939063551143686
1936,0.0003832291617308337
1937,0.00037895423127944127
1938,0.00037469953586515936
1939,0.0003674767513263772
1940,0.00035607158539731955
1941,0.00033924916374710644
1942,0.0002989957754582455
1943,0.00030014925519926183
1944,0.0003071635585390346
1945,0.00032509226412300566
1946,0.00032636617084070093
1947,0.0003307926864251399
1948,0.0003379933190102702
1949,0.00034076227190389994
1950,0.00033545298320190496
1951,0.00032399159047515947
1952,0.000315658365929256
1953,0.0003363081014933242
1954,0.0003616055334129269
1955,0.0003759732938565713
1956,0.0004068386990603897
1957,0.0004149241125679017
1958,0.0004108934402492423
1959,0.0003336035140301115
1960,0.00030865453952989006
1961,0.000299225499728064
1962,0.0003593827777949997
1963,0.0003681502665632217
1964,0.00037241910749956695
1965,0.0003726144842604966
1966,0.00037546883909107007
1967,0.0003790819871568622
1968,0.00038726668372109974
1969,0.00038577665292594356
1970,0.00038110227672768544
1971,0.0003672153896710558
1972,0.0003602790189037726
1973,0.0003764198527849824
1974,0.0004239188633596952
1975,0.0004410405388172057
1976,0.0004190661973979532
1977,0.0003688686475622183
1978,0.00034536588744155577
1979,0.0003271623522110464
1980,0.000325441580849802
1981,0.00033257518745655705
1982,0.0003795482275301068
1983,0.0003981263051175875
1984,0.0003931758268368111
1985,0.00036655484667115024
1986,0.00038109783146432675
1987,0.00040854907610694027
1988,0.0004650484973347864
1989,0.0004519524127145866
1990,0.00043022820411626057
1991,0.000360306962919905
1992,0.0003511156786071998
1993,0.00034111259666439473
1994,0.00032306162981291637
1995,0.0003207802760393384
1996,0.00032906397473287736
1997,0.00037417599455995807
1998,0.00038104409170059984
1999,0.00035220907292973184
2000,0.00027144085207097553
2001,0.00026523690867389683
2002,0.00030854531659989216
2003,0.0003773057161042042
2004,0.0003802352107581683
2005,0.00035166343750887776
2006,0.00032387045291734884
2007,0.0003231479984707019
2008,0.000354723712141358
2009,0.00039189678079976797
2010,0.0004209035784279365
2011,0.0004341391187265162
2012,0.0004066931786546764
2013,0.00036798440370697103
2014,0.000321047950299132
2015,0.0003184526931793441
2016,0.00032323242542423237
2017,0.0003454290713242771
2018,0.00034809109828273
2019,0.0003500323811467949
2020,0.0003502198506269917
2021,0.0003449892546540458
2022,0.00033472882666557054
2023,0.00030160413701611316
2024,0.0002956429892766476
2025,0.0002914407611901127
2026,0.00029264337018007126
2027,0.0002944862458199683
2028,0.00030021053042801317
2029,0.0003055943805734079
2030,0.00030011323865097064
2031,0.00030943349343907765
2032,0.0003309223840068159
2033,0.0003479110981669873
2034,0.000398304305691076
2035,0.0004353157997677393
2036,0.0004484175855621352
2037,0.00044748650945276673
2038,0.00043875348386943167
2039,0.0004295063941501749
2040,0.0004138611823457481
2041,0.00040037613718166076
2042,0.0003876932637521105
2043,0.00030595926398453103
2044,0.000303418961226451
2045,0.00030734285633621694
2046,0.0003781282055015648
2047,0.000383834271139896
2048,0.00038870965091013834
2049,0.00038631213364667157
2050,0.000379558605319658
2051,0.00036283481398303785
2052,0.00031943280764937053
2053,0.0003006220725792602
2054,0.0003059586112413984
2055,0.00034983396375962725
2056,0.0003746011947415619
2057,0.0003982532347378786
2058,0.0004048742396838318
2059,0.00039399178880284574
2060,0.00032229678011293564
2061,0.00027210666659136965
2062,0.00027513437016779037
2063,0.0003711700793840521
2064,0.0004216707581730234
2065,0.00042840416713892457
2066,0.0004031400994822261
2067,0.00038924772607825406
2068,0.0003810036216263786
2069,0.000406844102782019
2070,0.0004389726816234156
2071,0.00047120744276857215
2072,0.00048691573930486476
2073,0.00046335714072736543
2074,0.00043459059388485004
2075,0.0003532000526810161
2076,0.0003339461050238707
2077,0.0003137723266168944
2078,0.0002944352822801977
2079,0.00029211721790233956
2080,0.00029143758836273393
2081,0.00029466076785094003
2082,0.00029781301316454646
2083,0.000311992502658578
2084,0.0003308688755950854
2085,0.00033457215178860403
2086,0.00034374769590298507
2087,0.000352468658132224
2088,0.00035636436961129
2089,0.0003485095314184402
2090,0.00033333818634056676
2091,0.00031818667969638157
2092,0.0003231090321844571
2093,0.00033297647575682236
2094,0.0003419706977440528
2095,0.000319693425673275
2096,0.00030864733456771755
2097,0.0003003286438847285
2098,0.0003397887509657699
2099,0.0003439097745015809
2100,0.0003454474472828455
2101,0.00031775429934031914
2102,0.0003224601559352254
2103,0.00033387630282153904
2104,0.0003756193500898477
2105,0.0003866184932652858
2106,0.0003953073801927431
2107,0.00039186525082769203
2108,0.0003752181113650102
2109,0.0003685677742909464
2110,0.00038079285169511935
2111,0.0003954432829654646
2112,0.0004062174445870096
2113,0.0004033611645773236
2114,0.00039153971378109347
2115,0.00031663638996874384
2116,0.00026450692702479684
2117,0.0002547521353495185
2118,0.00031418315818700977
2119,0.0003397158668243438
2120,0.00034036388376616045
2121,0.00030775210149264296
2122,0.0003028795144714996
2123,0.0003053276399841711
2124,0.00031398772358808095
2125,0.00030511535800236414
2126,0.0002952824602405989
2127,0.0003076377557684399
2128,0.0003210806535563324
2129,0.00033272791282444277
2130,0.000330109371778735
2131,0.00032278088416532813
2132,0.0003208499543031006
2133,0.00033333631073688197
2134,0.000333987657494932
2135,0.0003272245776354971
2136,0.0003119816125896063
2137,0.0003077901754211875
2138,0.00030900112960815775
2139,0.00031531355230381743
2140,0.0003196622096789084
2141,0.00033946623802026666
2142,0.00035831887258943283
2143,0.0003673341889211889
2144,0.00038291963754741206
2145,0.0003869157144800437
2146,0.00038414164705478
2147,0.000367226957270874
2148,0.000357303840493098
2149,0.00035029089221501824
2150,0.0003352159630816296
2151,0.00033263070367311315
2152,0.00033148211537430567
2153,0.00035868502017396463
2154,0.0003696753389232557
2155,0.0003846618254934627
2156,0.0004360829299373985
2157,0.0004302160250861662
2158,0.0004185020868676751
2159,0.0003881453172904352
2160,0.0003786119460008201
2161,0.0003831681756920777
2162,0.0004164455163462791
2163,0.000440801601780389
2164,0.0004406546932626977
2165,0.0004094165221547372
2166,0.0003843946304628045
2167,0.00037147729004751015
2168,0.00037318685736207344
2169,0.00037748070910173997
2170,0.0003815527603774634
2171,0.00038886792046336546
2172,0.00039795314641088005
2173,0.0004338237776929002
2174,0.00042249683352632767
2175,0.00039338334957755
2176,0.00032796402819130544
2177,0.00033611066735214114
2178,0.0003563275929064393
2179,0.0004047078645481607
2180,0.0003980658313582521
2181,0.00038795197312204495
2182,0.0003385658077878451
2183,0.0003245561058714312
2184,0.00031537510019742166
2185,0.0003301467599138618
2186,0.0003357306799606839
2187,0.00034352886996470955
2188,0.00035342213407238334
2189,0.00035374141635250876
2190,0.00035083136352881064
2191,0.0003402013589887145
2192,0.00032629541018009865
2193,0.0002918688284839572
2194,0.00025604939209370397
2195,0.00024009901048092992
2196,0.0002584668965171423
2197,0.00029334501947218795
2198,0.0003234391219078413
2199,0.00031517913679392977
2200,0.00029662563209349144
2201,0.0002805597397339612
2202,0.0003272003352513066
2203,0.00034774683824956857
2204,0.00036009679615635055
2205,0.00035225859878209643
2206,0.00034143463864333396
2207,0.0003301732745051594
2208,0.0002972146625388065
2209,0.0003242708240722
2210,0.0003501435870939045
2211,0.0003561518728026293
2212,0.00030159309822085805
2213,0.0002587637707039056
2214,0.0002658652937463077
2215,0.0003019020853371453
2216,0.0003338158786376314
2217,0.00034663442348790687
2218,0.00034090294218026075
2219,0.0003500981264266189
2220,0.0003652144262545002
2221,0.00036649203460413737
2222,0.00035677661408109744
2223,0.0003420700055884922
2224,0.00033015187444549566
2225,0.00030919054079260984
2226,0.00030651083193157763
2227,0.0003139620600416271
2228,0.0003507416733173629
2229,0.0003675872136420698
2230,0.00037729701561662666
2231,0.00037384319471318796
2232,0.00036645888516808684
2233,0.000358870068720771
2234,0.0004181439374521605
2235,0.00041949882563115456
2236,0.0004084515777656153
2237,0.0002845782578102402
2238,0.00027145188260365935
2239,0.0002699244306230913
2240,0.00030616444015502104
2241,0.00030869610026352265
2242,0.0003169073857821995
2243,0.0003359502495303763
2244,0.00035048621113794887
2245,0.00035464560605487117
2246,0.000339123109959373
2247,0.0003176719628173273
2248,0.0003106481409954184
2249,0.0003177053353428029
2250,0.0003252465924297233
2251,0.000326305821019935
2252,0.00032442701145745983
2253,0.00032304422057518993
2254,0.0003371383659702769
2255,0.0003382400476518215
2256,0.0003336621121857621
2257,0.00030983340188993607
2258,0.0003005898237634813
2259,0.00029395469808317853
2260,0.0003255333284415031
2261,0.00035339034796059705
2262,0.0003783919302522776
2263,0.0003542274125337286
2264,0.00032869431555554354
2265,0.0003100136994582456
2266,0.0003254303768031209
2267,0.00033421496909393135
2268,0.0003448681170962352
2269,0.00035390926222587113
2270,0.00034755841031110105
2271,0.00033019047717860333
2272,0.00031332565201248517
2273,0.0003234893170284811
2274,0.0003527101978789997
2275,0.00037842643475002104
2276,0.00038189688820948416
2277,0.00036316912588035566
2278,0.0003390303047585457
2279,0.0003208719657930404
2280,0.0003522023141464095
2281,0.000377583214561272
2282,0.00039295769495452463
2283,0.0003487954246479475
2284,0.0003331231859728026
2285,0.00032563915545469715
2286,0.00035509684986120865
2287,0.00033492525277305517
2288,0.00031086716523540516
2289,0.00024194166303140188
2290,0.00025851532344752415
2291,0.0002788889486665028
2292,0.0003169592747299555
2293,0.00031010954528531086
2294,0.0003130092285820291
2295,0.00034217200703117503
2296,0.0003560283969371411
2297,0.0003821141112089277
2298,0.0004120097549445569
2299,0.00040913680106599007
2300,0.00037704478410259036
2301,0.0003415697812594959
2302,0.0003408659010731286
2303,0.00036951844921943546
2304,0.0003914789095189061
2305,0.0003925813348318676
2306,0.0003745649551038457
2307,0.0003512385760926971
2308,0.00032980737479776655
2309,0.00033983577325903094
2310,0.00035887208478816785
2311,0.00037781158376939755
2312,0.0004352978699880211
2313,0.00044103043369250733
2314,0.0004413126913906432
2315,0.0003577327670943575
2316,0.00035272329405450816
2317,0.00035294740803841484
2318,0.00039569419246809304
2319,0.00037600090736985165
2320,0.0003487400819453887
2321,0.0003049163374474917
2322,0.000306290758345036
2323,0.00032568983806704354
2324,0.0003715571725868262
2325,0.0003901745304382611
2326,0.0004100124270593728
2327,0.00042005843306007484
2328,0.0004160191263544082
2329,0.0004088314164307891
2330,0.00039492685573415143
2331,0.0003779785785979161
2332,0.00031577820626337277
2333,0.00028248747198109613
2334,0.00027732869427787876
2335,0.00028340262611557197
2336,0.00028568289749230974
2337,0.0002856495167042629
2338,0.00031012911931671756
2339,0.0003223517179495009
2340,0.0003322549962935887
2341,0.00037530012564772135
2342,0.0003803142009397841
2343,0.0003838097560908527
2344,0.00037147288609700786
2345,0.0003552369913330063
2346,0.000328665867522562
2347,0.0002649419761913888
2348,0.00026136842236726014
2349,0.0002670568226281547
2350,0.0002915961057931001
2351,0.0003027731834414563
2352,0.00032172824084444147
2353,0.0003406626005063234
2354,0.00034174465031846217
2355,0.0003508709081950464
2356,0.00036365142042963375
2357,0.00037203197298393636
2358,0.0004293645175384045
2359,0.00046307061127986814
2360,0.0004632469923893821
2361,0.0003898668818585243
2362,0.00033861787024959844
2363,0.00030640560808608836
2364,0.00023381450701368868
2365,0.00022328432259745244
2366,0.0002258830582597571
2367,0.0002713856994075565
2368,0.00028860218787071985
2369,0.00030456970605636743
2370,0.0003347465498810063
2371,0.00033434940112896165
2372,0.00033232584784247533
2373,0.0003204515579027898
2374,0.0003131293415809987
2375,0.0003009250775939272
2376,0.0002835817586613284
2377,0.00029400760332720427
2378,0.0003055925875954361
2379,0.0003030430885955006
2380,0.0002739434609787908
2381,0.0002796277795294638
2382,0.0003214193115661534
2383,0.00035704561861487006
2384,0.000335694919552103
2385,0.0002946271804986107
2386,0.0002705361748769065
2387,0.0003320519436039225
2388,0.00036743823121898253
2389,0.00037372566789903484
2390,0.00034380440192980825
2391,0.0003345471988232818
2392,0.00033259915717589463
2393,0.00034456935078064447
2394,0.00034778685388236834
2395,0.00035005200475362935
2396,0.00033264512186002946
2397,0.00032192685653332034
2398,0.0003151532253703369
2399,0.0003413512692989297
2400,0.0003398461758362961
2401,0.00032141235448111984
2402,0.00025503095581799404
2403,0.0002459431354230916
2404,0.0002480748705555921
2405,0.00026524159355182324
2406,0.00026391113779615944
2407,0.00026928124728548437
2408,0.0002816626855889145
2409,0.00029124934220083504
2410,0.000368376859318518
2411,0.00044727159171071553
2412,0.00048010451344247216
2413,0.000382978384429346
2414,0.0002979075535053465
2415,0.00025607712128298247
2416,0.0002646341706227972
2417,0.00028825863015611875
2418,0.0003111182978274587
2419,0.00040320407657179214
2420,0.0004023423069104774
2421,0.000387516370363176
2422,0.00033133492592919017
2423,0.0003179913194605944
2424,0.000305854461530178
2425,0.0003058304009225561
2426,0.00030527399937129975
2427,0.00029189000545419585
2428,0.0002298955942344158
2429,0.00022391981348118023
2430,0.0002506195607390318
2431,0.00032425958697523375
2432,0.00031331919894430087
2433,0.0002897080173630564
2434,0.000272928181005317
2435,0.00029364258771494035
2436,0.00031059878865705116
2437,0.00030673630923974866
2438,0.0002876801592769235
2439,0.0003086852184571222
2440,0.0003343744367199968
2441,0.0003473365767968728
2442,0.0003083187816825949
2443,0.0002799671976958442
2444,0.0002628469847134537
2445,0.0002377476644658805
2446,0.00023507224387935236
2447,0.00023670729932594373
2448,0.0003149372582817308
2449,0.0003621466822575658
2450,0.00040520889860914424
2451,0.0003641458774838635
2452,0.00031757638965511495
2453,0.0002809171868309155
2454,0.00030604250112779445
2455,0.0003227220381325386
2456,0.00034523463649647546
2457,0.00037291206076582036
2458,0.0003665204495868337
2459,0.0003441072003801927
2460,0.00030757535682999186
2461,0.0002960087567828997
2462,0.00027924955206569315
2463,0.00026540388697727287
2464,0.00026089363023272137
2465,0.00027898957025977874
2466,0.0002987512859735161
2467,0.00030796882047523733
2468,0.0003222301837882679
2469,0.00032608687114309007
2470,0.0003246331212985066
2471,0.000314647671682853
2472,0.0003063276342007422
2473,0.000298930872960694
2474,0.0002769356850740548
2475,0.00026630803536677877
2476,0.0002567964276899646
2477,0.000260156947638298
2478,0.00026838836904322994
2479,0.00028904556570918087
2480,0.00040491465192005394
2481,0.00042358650969177527
2482,0.000416132439257199
2483,0.000329748917105828
2484,0.0003069884911783571
2485,0.00028029179280931473
2486,0.0002560591584529791
2487,0.0002521939606497193
2488,0.00027067934044979955
2489,0.0003085581483731191
2490,0.0003333009304065808
2491,0.0003401631611216005
2492,0.00032567178434875585
2493,0.00030696058847508133
2494,0.0002739602339985272
2495,0.00026348939963192976
2496,0.0002679178403954813
2497,0.0003255375423528654
2498,0.0003258097610268733
2499,0.00030489188023644743
2500,0.00023600425365927758
2501,0.0002304661826205921
2502,0.00023396470403475695
2503,0.0003382582748841065
2504,0.0003691007597151421
2505,0.000389276157586093
2506,0.0002731398185065626
2507,0.00023666425959204866
2508,0.00020714215844226363
2509,0.00021396551375932278
2510,0.00023334077248827608
2511,0.0002746112172034401
2512,0.00033402410369693064
2513,0.00031179773732792435
2514,0.000291382989291592
2515,0.00028959849698049177
2516,0.00030923233287823875
2517,0.0003266616238652009
2518,0.000327123369399659
2519,0.00031457220961918165
2520,0.0002394509191759716
2521,0.00019656489389476727
2522,0.00019515877777372104
2523,0.00030323387136678816
2524,0.0003417144919332219
2525,0.00034126982513363823
2526,0.00032917375125515226
2527,0.0003310436372406248
2528,0.0003357628048378933
2529,0.000299949119197264
2530,0.0002770750994395782
2531,0.0002538923982807432
2532,0.00020512982572760103
2533,0.0002048513357619774
2534,0.0002163215363897273
2535,0.00028225815257727126
2536,0.00026176087797880716
2537,0.00023260684133009527
2538,0.00020305406125307806
2539,0.00023964885733400394
2540,0.00026777031218494247
2541,0.0002618152291728102
2542,0.0002267347227963735
2543,0.00025675864295141547
2544,0.00032361317297224904
2545,0.00035069835265604367
2546,0.0003392804954174712
2547,0.0003240735799701567
2548,0.0003254996502008894
2549,0.00035511368071894416
2550,0.00034721278695367525
2551,0.00031866866853052156
2552,0.00026824001457556124
2553,0.0002661259117702122
2554,0.00027602564547121283
2555,0.0002857994658481922
2556,0.0002826641257554629
2557,0.00027849389034499667
2558,0.00028135767276942197
2559,0.00027892741919846966
2560,0.0002761469565430208
2561,0.000270497687819797
2562,0.0002653295238355843
2563,0.000257994219600856
2564,0.000243591591106331
2565,0.00023213999778914584
2566,0.0002567465878598907
2567,0.00033126877578337256
2568,0.00035725045601993686
2569,0.00032266249804375997
2570,0.00025010293520600756
2571,0.00022776665185101426
2572,0.000250396991855958
2573,0.0002653744226480216
2574,0.00024497169665292884
2575,0.00020160302979445194
2576,0.00019062047786218167
2577,0.00020119580070542282
2578,0.0002676383506587305
2579,0.0002987905001368999
2580,0.0003151456568550273
2581,0.00028911013770388045
2582,0.0002741800844956437
2583,0.00026145379951648994
2584,0.00026536045890252673
2585,0.00030420791284691006
2586,0.00034749787871376657
2587,0.00043203776506868107
2588,0.00037898690148635637
2589,0.0003244605327092188
2590,0.00028093512487320504
2591,0.00030277435672658074
2592,0.0003355179765877407
2593,0.00037643824526869337
2594,0.000376768376304934
2595,0.00036278066109074594
2596,0.0003332334086739276
2597,0.0003124380783410045
2598,0.00027869190286617073
2599,0.0002668741867521676
2600,0.0002852459809846043
2601,0.00032405203118420964
2602,0.0003414107763374232
2603,0.00033951255799496733
2604,0.0003392855355859634
2605,0.00033302781111230136
2606,0.00032453411916920523
2607,0.00025088960635678815
2608,0.0002474187149810463
2609,0.0002578925817113103
2610,0.0003701389352736848
2611,0.00033135242605520087
2612,0.00028566547999201206
2613,0.00021640805377379628
2614,0.0002245461576984803
2615,0.00024265475598476732
2616,0.00030846201335605835
2617,0.00032145636093585685
2618,0.0003300094194537343
2619,0.0003277324944183725
2620,0.00033144866022311715
2621,0.0003467862317103784
2622,0.0003650813575437342
2623,0.00035586121206948265
2624,0.00032248045707290637
2625,0.0002796648536868811
2626,0.00025502285023555
2627,0.00018705871472729635
2628,0.00014210275834690599
2629,0.00013264257691385505
2630,0.00028065546162245694
2631,0.00035215873734538
2632,0.00036391769005230653
2633,0.0002888253764466411
2634,0.00024582940939173593
2635,0.0002147579852351551
2636,0.00022412622903736506
2637,0.0002625810373310615
2638,0.0003029835732944358
2639,0.00041273360576575335
2640,0.00041373045194265963
2641,0.00040107598523323433
2642,0.0002941215276602711
2643,0.00028222853952173657
2644,0.00028503641738875465
2645,0.0003211670883146884
2646,0.0002990303295314168
2647,0.00027734428574991945
2648,0.0002698436557260749
2649,0.0002858774893089661
2650,0.0002969761964685539
2651,0.00029526907487509497
2652,0.0002863770526322585
2653,0.0002814450329357634
2654,0.0002697982033213606
2655,0.00025065064453225764
2656,0.000194593865774027
2657,0.0002094141507225601
2658,0.00026671028212531473
2659,0.00033724289575977714
2660,0.00032543857327384923
2661,0.0002904507316345278
2662,0.00034086619026312405
2663,0.0003689556854882791
2664,0.00039284996754993185
2665,0.00038784743506997346
2666,0.0003797408280670801
2667,0.00037024348985089886
2668,0.0003445909739297333
2669,0.0003265687938766596
2670,0.00030959681968593955
2671,0.00030187376124273327
2672,0.00031045765567669755
2673,0.0003304257043209068
2674,0.0003635177981265907
2675,0.00036610466047393907
2676,0.0003575361757354469
2677,0.0003380065804372046
2678,0.0003263049534499487
2679,0.00030650410619854045
2680,0.00028953946090856235
2681,0.0002817769734751185
2682,0.0003049626904724775
2683,0.00033111869443830247
2684,0.0003481873572383602
2685,0.00027319007146520146
2686,0.00022796491224932725
2687,0.00020407400131676435
2688,0.00026629870692378247
2689,0.0002908106079274439
2690,0.00030637770538281253
2691,0.00033406105391577855
2692,0.00030682385944522995
2693,0.00028090680904136427
2694,0.00032649734742263957
2695,0.0003578664885482561
2696,0.00037106272379516775
2697,0.0002920690718993819
2698,0.00026810877189305227
