,ri
0,0.0
1,0.0
2,1.0035046184180049e-05
3,6.02344744467051e-06
4,4.764494563572446e-06
5,1.6614558892370684e-05
6,2.4164437866006746e-05
7,2.6076391310113065e-05
8,2.9982384127834005e-05
9,4.9828653839617165e-05
10,5.963306532543834e-05
11,5.664683582091193e-05
12,4.704027642655558e-05
13,3.434858350956137e-05
14,2.0076039826019356e-05
15,6.618336390133047e-06
16,4.294371164609718e-06
17,9.011808121524819e-06
18,6.556862806938276e-06
19,3.2744278833596156e-07
20,8.612673136630633e-06
21,1.8874526720027724e-05
22,2.8563976052057433e-05
23,3.5272124559750586e-05
24,3.6679639976962326e-05
25,4.6664738530615046e-05
26,6.8690657857129e-05
27,9.760984031098068e-05
28,0.00012171852076143182
29,0.0001357277572778257
30,0.00015212186924653162
31,0.0001767338808359241
32,0.00021405142419517905
33,0.00025211443731678067
34,0.0002949159771902953
35,0.00033970242598853654
36,0.0003715784310729327
37,0.0003903225597837811
38,0.00039596113512812913
39,0.0003881895701771493
40,0.0003572387802421353
41,0.00032449059150581875
42,0.0002900235875059751
43,0.00025270334576315255
44,0.00022358519882297755
45,0.00020508381449511095
46,0.00019375814797124987
47,0.00018638412650954985
48,0.00018402149895440764
49,0.000184339798077283
50,0.00018662428264706876
51,0.00019046854305704866
52,0.00019762228830914639
53,0.000211646338400636
54,0.00022864907353647315
55,0.00024246281491684495
56,0.00025144892781851964
57,0.0002573223726713562
58,0.00026083120748316416
59,0.00026246163691758824
60,0.00026118689849261956
61,0.0002520588175738561
62,0.00023899561230865185
63,0.00023340913228787473
64,0.0002440464356567285
65,0.00026047111094951674
66,0.0002757340495128623
67,0.00028516170607668483
68,0.00029637404049070553
69,0.00031133288774669505
70,0.00033038259462931426
71,0.0003543085008948479
72,0.0003876526469162436
73,0.0004246857035507971
74,0.00045975769616031357
75,0.0004922146246784835
76,0.0005207159982317719
77,0.0005462249194776126
78,0.0005689393065903334
79,0.0005827109752146712
80,0.0005767993124394687
81,0.0005601646037808246
82,0.0005466563855031712
83,0.0005376423525919295
84,0.0005371251440517831
85,0.0005495723468968345
86,0.000574276599148998
87,0.000606872521955427
88,0.0006433221770488488
89,0.0006831888668437267
90,0.0007276373017983331
91,0.0007787226589482578
92,0.0008341375449979162
93,0.0008897281013247327
94,0.0009440157238717511
95,0.001001710468690794
96,0.0010714367000783157
97,0.0011509018933828809
98,0.0012264670963964364
99,0.0012959201852840517
100,0.001355582547345367
101,0.0013982814385052069
102,0.0014249739588942933
103,0.0014318619959685585
104,0.0014070379685274237
105,0.0013522492176035598
106,0.0012877963986739178
107,0.0012272171368901323
108,0.001169814258048813
109,0.001115129587633986
110,0.0010593016836913233
111,0.0010075257606242953
112,0.0009691795273661975
113,0.0009447211584330026
114,0.0009308332941080996
115,0.0009244573992211601
116,0.00092575923161991
117,0.0009361100107091236
118,0.0009617088597175344
119,0.0009982295538885529
120,0.001031017116997336
121,0.0010588363501985384
122,0.0010861153559956912
123,0.0011238706983215307
124,0.0011711089314707507
125,0.001212815478306332
126,0.0012438771773128807
127,0.001263735077608531
128,0.0012710405380999923
129,0.0012663172654755943
130,0.0012472088549831163
131,0.0012081483761153826
132,0.0011481170514029834
133,0.001077416097787971
134,0.0009978341580923168
135,0.0009104136894779635
136,0.0008248650179547061
137,0.0007420604373125697
138,0.000663192743226551
139,0.0005914889821673242
140,0.0005253056182659936
141,0.0004659451447499382
142,0.0004151703770555528
143,0.00037340419043622157
144,0.00033360281253749075
145,0.00029443962988703025
146,0.0002571958790579921
147,0.0002264034677176822
148,0.000202747069394597
149,0.00018241843883902667
150,0.0001618497072149898
151,0.00014043863936543356
152,0.00012367259101681412
153,0.00011386782158215234
154,0.00010986463188694437
155,0.00010328542205854194
156,9.321979052265861e-05
157,8.28437898074456e-05
158,7.554917791930718e-05
159,7.206418800718871e-05
160,6.837786563949369e-05
161,6.326365781210396e-05
162,5.6836713913589144e-05
163,5.204001772162546e-05
164,4.9727012889601414e-05
165,4.7668239844889905e-05
166,4.2428816006151736e-05
167,3.226531024343685e-05
168,2.4614060158141786e-05
169,2.2477513090724935e-05
170,2.6503561949584386e-05
171,2.8052379048350777e-05
172,2.5802494364188283e-05
173,2.252789576676623e-05
174,2.26104442763147e-05
175,2.7294474693972037e-05
176,3.2149351339796943e-05
177,3.581263281596755e-05
178,3.8194507004923756e-05
179,3.942590057874795e-05
180,3.876351900266326e-05
181,3.7497575105362947e-05
182,3.759511341097486e-05
183,3.810647912466143e-05
184,4.196981545439288e-05
185,5.171556738559694e-05
186,7.15161407976981e-05
187,8.411302132717424e-05
188,8.611109175542458e-05
189,8.242961546434081e-05
190,8.572180862400485e-05
191,9.933410741069532e-05
192,0.00011412730695706389
193,0.0001255814495801755
194,0.00013092094490093603
195,0.0001397240633414836
196,0.00015233564730795067
197,0.0001687053636864431
198,0.00018775942102420198
199,0.00021032787514806123
200,0.00023477324778488955
201,0.0002605891239288112
202,0.00028752003824573984
203,0.0003159929961679896
204,0.0003466610065189265
205,0.00037872821135325754
206,0.0004088102319175999
207,0.0004333630442756618
208,0.00045971342064218346
209,0.0004941572956400188
210,0.0005442285011209344
211,0.0005862585235703168
212,0.0006202548523792926
213,0.0006452694187417334
214,0.0006555695343027384
215,0.0006514927723535232
216,0.0006322962513772041
217,0.0005954209125087258
218,0.0005312442648768725
219,0.0004688461824304009
220,0.00041256192125049444
221,0.00036206415088968393
222,0.0003107581871158426
223,0.00025671297853749136
224,0.00020486414404508502
225,0.00015802692373544612
226,0.00011343657583280337
227,8.018411978365465e-05
228,6.319845605406168e-05
229,6.233668045304495e-05
230,5.575422155055089e-05
231,3.998647049075444e-05
232,2.1967287306423056e-05
233,7.83564330035317e-06
234,1.1158003286922255e-06
235,8.588844757656902e-06
236,1.4935663184928875e-05
237,2.0109246464616907e-05
238,2.5525700786107238e-05
239,3.223556194133005e-05
240,3.819760188566867e-05
241,4.0930348541995195e-05
242,3.782626025152106e-05
243,3.654418662877261e-05
244,3.973949129764307e-05
245,4.811806589251883e-05
246,5.210478994105902e-05
247,4.9207144514224194e-05
248,4.413339041272793e-05
249,4.2746845290670345e-05
250,4.783700446287673e-05
251,5.10372873740842e-05
252,4.945684411852415e-05
253,4.221686073036713e-05
254,3.845674583245534e-05
255,3.9399715244331474e-05
256,4.275945059676483e-05
257,4.6343074688638005e-05
258,5.194533749983313e-05
259,5.4099396525913367e-05
260,5.0542662652327404e-05
261,4.030853633681401e-05
262,3.1340453042895253e-05
263,2.345886563212428e-05
264,1.7094463656420802e-05
265,1.3464152021922422e-05
266,1.4180011154793318e-05
267,1.4088789269491753e-05
268,1.1824250710485464e-05
269,7.2686192954053285e-06
270,9.147030179694449e-07
271,8.491741497558955e-06
272,1.8395629719636532e-05
273,2.454660056895107e-05
274,2.529069360498775e-05
275,2.6242633765499943e-05
276,2.866292963231604e-05
277,3.2371956970315815e-05
278,3.9504583240817906e-05
279,5.1498573291517686e-05
280,6.554841772715174e-05
281,7.731898712535712e-05
282,8.585402941881865e-05
283,9.461204630545014e-05
284,0.00010460796042099433
285,0.00011564682731995317
286,0.0001291037763098216
287,0.0001460926891135062
288,0.00016354572389082293
289,0.000176726171168588
290,0.00018432443381166325
291,0.00019261430868383738
292,0.00020381182952276228
293,0.00021795537945796116
294,0.00023362164376108856
295,0.0002518289042800837
296,0.00027083312412542
297,0.00028789258038522977
298,0.0003025227755364926
299,0.00031708837468928956
300,0.0003329698488491984
301,0.00035030933124046516
302,0.0003646853827148993
303,0.00037567386143091166
304,0.0003848601503380624
305,0.00039384675886120873
306,0.0004021928592358839
307,0.00041293897905228126
308,0.0004280909534750396
309,0.0004474543336801325
310,0.00046552871257568503
311,0.00048136965591302706
312,0.0004976765935717828
313,0.0005195223214519369
314,0.00054747966783656
315,0.0005742397028838895
316,0.0005951686962487311
317,0.0006111177952049879
318,0.0006317923695477386
319,0.0006580757268774889
320,0.0006865387173012541
321,0.0007114618690367098
322,0.0007328071844376997
323,0.0007574379195049085
324,0.0007903064341207203
325,0.0008296136223432084
326,0.000861791571041917
327,0.0008851766441438244
328,0.0009081602638537317
329,0.0009429055317753554
330,0.0009886150480299353
331,0.0010351715263104359
332,0.0010778142470368273
333,0.001117943616211656
334,0.001161887618646273
335,0.001210255318060229
336,0.0012600058013799635
337,0.0013063805517875423
338,0.001350553090789622
339,0.0013978805358037308
340,0.0014531582999129117
341,0.0015129676963441367
342,0.0015706073721107787
343,0.001625510666663636
344,0.0016786754312322065
345,0.0017275943718606922
346,0.0017743011886542466
347,0.0018278536393517173
348,0.0018916346158420725
349,0.0019637993048698924
350,0.002044376893032949
351,0.0021328844247416896
352,0.0022232725645899105
353,0.0023065110893649636
354,0.0023860583355576055
355,0.0024734760507193385
356,0.0025795825501942577
357,0.0026918022651761654
358,0.002791721205923355
359,0.0028804198272439257
360,0.002967769256780682
361,0.0030677641928201845
362,0.003172295717396447
363,0.0032694061364712066
364,0.0033644630305819483
365,0.003441271692798709
366,0.003483824100279164
367,0.003493321859746692
368,0.003479323857316988
369,0.003448992924635795
370,0.0033979020605806303
371,0.0033206649611361933
372,0.0032048751194871552
373,0.00307266313572174
374,0.0029401460694060255
375,0.002806123965888203
376,0.002668613788591328
377,0.00252404541084827
378,0.0023750340619575327
379,0.0022236409765504705
380,0.002056187552701302
381,0.0019009027373610907
382,0.0017775056568134365
383,0.0016810362415086196
384,0.0015929378728592152
385,0.0015042800026374209
386,0.0014197506592740982
387,0.0013424975898044646
388,0.0012704072439973855
389,0.0012095245517348733
390,0.0011648618981664285
391,0.0011340265329652462
392,0.001109540078815327
393,0.0010909911698952386
394,0.0010770955959029996
395,0.0010668070448429988
396,0.0010572228269632013
397,0.0010554683269537188
398,0.0010631939643149966
399,0.0010799266958869136
400,0.0011045227374511099
401,0.0011429736019087687
402,0.0011844339900801196
403,0.0012235963466947942
404,0.0012547505617093759
405,0.0012930483342013612
406,0.0013421302792249528
407,0.0013992903035451858
408,0.0014588761196236643
409,0.0015205154606661607
410,0.0015850426228165436
411,0.0016528987091845417
412,0.0017246762627739854
413,0.0017982710950926483
414,0.0018736964227131067
415,0.0019510513699296814
416,0.0020311806960061976
417,0.002121008783591504
418,0.002205275447574876
419,0.0022777215394604623
420,0.002333388091079592
421,0.0023982847665715828
422,0.0024781013004304634
423,0.0025631257145748675
424,0.002639419481151683
425,0.0026996308816654322
426,0.0027685294251953733
427,0.0028573580094796093
428,0.0029678397451677547
429,0.0030601415345868957
430,0.0031302367286255017
431,0.0031900285029599585
432,0.003253882170599482
433,0.0033282055664814046
434,0.003383156220419326
435,0.0034161040344705953
436,0.003425250453383808
437,0.0033974471902078014
438,0.0033307761898474643
439,0.0032327262927387503
440,0.0031021862054042165
441,0.002940847098443085
442,0.002768873056082353
443,0.0025893286710881123
444,0.002403513573097018
445,0.002215175211124929
446,0.0020239517814975728
447,0.001845574860414225
448,0.0016977579592700564
449,0.0015768323777941408
450,0.001461778258685175
451,0.0013489054247417965
452,0.0012412867290879574
453,0.001146300323364288
454,0.001064180801734015
455,0.0009918442972627055
456,0.0009302567211294656
457,0.0008774609192119788
458,0.0008265440733623999
459,0.0007761558904158666
460,0.0007312322095390432
461,0.0006974759817985339
462,0.0006737390174517867
463,0.0006573857116509096
464,0.0006504662852167763
465,0.0006483417211751619
466,0.0006440254088480042
467,0.0006359880806501391
468,0.0006329356030755748
469,0.0006418991927348176
470,0.0006601490767003708
471,0.0006832560510876554
472,0.0007077276365934264
473,0.0007382430506001613
474,0.0007800096227028595
475,0.0008330433229267166
476,0.0008882792345560733
477,0.0009343142089103405
478,0.000981985835501953
479,0.00104330081982581
480,0.0011326393435352757
481,0.0012269555588912298
482,0.0013120658807573786
483,0.0013892545194357034
484,0.0014784482115373556
485,0.001587739905003124
486,0.001710933230056896
487,0.001843700309870509
488,0.001985128099555162
489,0.002136402786499563
490,0.002298178040355707
491,0.0024700171635380582
492,0.002646515128553498
493,0.002821597268231719
494,0.0030041164834366386
495,0.0031999822341813636
496,0.003411762941069857
497,0.0036333613586203265
498,0.003869852650702009
499,0.004114073985669162
500,0.004362328578034133
501,0.0046270515705195
502,0.004880005755816336
503,0.005109848561201697
504,0.0053176494276732005
505,0.005506538480169296
506,0.005686061388233099
507,0.005835414165248721
508,0.005927098630590451
509,0.005957876723977136
510,0.005939004559719456
511,0.005873395290689402
512,0.005761572072884779
513,0.00559353987329488
514,0.005363094612476257
515,0.005095998694522951
516,0.004809189157191283
517,0.004504742103756757
518,0.004192535820838989
519,0.003872437041331169
520,0.0035495418553424473
521,0.003247636238676208
522,0.0029640928468424193
523,0.0027020230813017136
524,0.0024659894130454794
525,0.0022533110806028564
526,0.002054901139637224
527,0.0018674659101245049
528,0.0016933331609096697
529,0.0015313029373409108
530,0.001381866455365641
531,0.00124853051224073
532,0.001133728609391759
533,0.0010333845355600371
534,0.0009418806967101806
535,0.0008581862001812508
536,0.0007807701263165114
537,0.0007078432816034676
538,0.0006396799099230742
539,0.0005782294557303119
540,0.0005259035580369592
541,0.00048017713558329246
542,0.0004397721458011988
543,0.0004049015957853638
544,0.0003730905171137479
545,0.00034549078915541414
546,0.00031976886081488796
547,0.00029276944059677295
548,0.0002607310368768475
549,0.00023037983878437107
550,0.00020392147200609185
551,0.00018123528024820013
552,0.00016102725091738705
553,0.0001426450360189153
554,0.00012703136266083045
555,0.00011446355859102184
556,0.00010945574417287004
557,0.00010230745075695999
558,9.12333396644648e-05
559,7.77609162708718e-05
560,6.577833102092418e-05
561,5.575895748905733e-05
562,4.6056131884199526e-05
563,3.614296452679245e-05
564,2.5653158107888388e-05
565,1.624113564804233e-05
566,7.767478827291728e-06
567,5.743531451318348e-07
568,4.777267279586237e-06
569,8.194880756783132e-06
570,1.0109257239195075e-05
571,9.300232283472871e-06
572,6.101155384512973e-06
573,1.0096552808806258e-05
574,2.3517585762699022e-05
575,3.715312368950254e-05
576,4.075590630470587e-05
577,3.427281950726865e-05
578,2.9016588593737824e-05
579,2.7456344666598308e-05
580,2.86079762249255e-05
581,3.0751313306503345e-05
582,3.387546875967225e-05
583,3.64205290716071e-05
584,3.655339417433399e-05
585,3.520769376844191e-05
586,3.5543873812631744e-05
587,3.872567004294834e-05
588,4.170270852262909e-05
589,3.912134669135177e-05
590,3.295659756512661e-05
591,2.890503521428996e-05
592,3.2285074526343416e-05
593,3.800053728165319e-05
594,4.07158380621792e-05
595,4.005732233357304e-05
596,3.863243263032891e-05
597,3.837782637346006e-05
598,3.82400160698276e-05
599,3.686520616283657e-05
600,3.573028255500772e-05
601,3.146065226357001e-05
602,1.8496835624138326e-05
603,1.1406392247775082e-06
604,1.3280067193557753e-05
605,7.453750435765608e-06
606,3.405246620099296e-06
607,1.1599354207386724e-05
608,1.4431324282328617e-05
609,1.6779022617365022e-05
610,2.099157934289477e-05
611,2.499057277630981e-05
612,2.3811984916832536e-05
613,1.3369069796047575e-05
614,2.2061906952257736e-06
615,7.5358969412315576e-06
616,1.5863510635015815e-05
617,2.2382656647964932e-05
618,2.6313287359729894e-05
619,2.925563784330351e-05
620,3.298284898240596e-05
621,3.748110395178993e-05
622,4.2831078913222274e-05
623,4.9183481342407664e-05
624,5.638311012896554e-05
625,6.325060644668502e-05
626,6.955171756046451e-05
627,7.651646582472344e-05
628,8.466547406085687e-05
629,9.40772707375881e-05
630,0.00010644522921623497
631,0.0001230103856616971
632,0.000140310989301969
633,0.00015236890901560064
634,0.00015971088028880352
635,0.00016575228575146185
636,0.0001722551698732371
637,0.00017875414409229188
638,0.00018450830937762877
639,0.00018955681982550462
640,0.00019322006826024378
641,0.00019702198056892762
642,0.00019869822745494897
643,0.00019454690200878342
644,0.00017736442148591077
645,0.00015866655077907888
646,0.00014713723889944047
647,0.0001415939330157454
648,0.0001335928953234123
649,0.00011470767970031364
650,9.493574219546077e-05
651,8.14925053996401e-05
652,7.901136924373183e-05
653,7.736783337483644e-05
654,7.627361130363687e-05
655,7.437620710317477e-05
656,6.88331765647417e-05
657,5.2901782308831695e-05
658,3.955493287542775e-05
659,3.270676028819564e-05
660,3.3477710501088077e-05
661,3.486868868186392e-05
662,3.846229128603207e-05
663,4.124800886386272e-05
664,3.960669778468431e-05
665,3.097587388838244e-05
666,2.4804433872290602e-05
667,2.296941740129314e-05
668,2.4642294061307567e-05
669,2.6514889653663185e-05
670,2.8696273943544594e-05
671,3.062832759177712e-05
672,3.166228759893474e-05
673,3.1907884558830864e-05
674,3.337280946317021e-05
675,3.678057604310735e-05
676,3.969791416308063e-05
677,3.695948988745161e-05
678,2.9950185252895384e-05
679,2.5485434294991927e-05
680,2.9276035420312688e-05
681,3.6543140316777e-05
682,3.9919451453982936e-05
683,3.951759055099492e-05
684,3.766105860122455e-05
685,3.47401905549924e-05
686,3.182627773007844e-05
687,3.029927348296792e-05
688,3.090908614163101e-05
689,3.222574863619227e-05
690,3.3853182314165734e-05
691,3.5697544003355574e-05
692,3.737361466840923e-05
693,3.885094112334918e-05
694,3.922439740910898e-05
695,3.7764483788538086e-05
696,3.42961137164341e-05
697,3.232930598923157e-05
698,3.266021041820143e-05
699,3.426959246079798e-05
700,3.624504052232217e-05
701,4.0552789611831555e-05
702,4.2257231852682e-05
703,3.94248212253209e-05
704,3.306213740405232e-05
705,3.003690248971058e-05
706,3.198979426737149e-05
707,3.392043814786256e-05
708,3.263718604739274e-05
709,2.7796054637047026e-05
710,2.450290327587121e-05
711,2.278323994893725e-05
712,2.2174837058015612e-05
713,2.254103524266901e-05
714,2.406850757672493e-05
715,2.6824146438134377e-05
716,3.197631887024907e-05
717,3.8026452777712904e-05
718,4.0040184844465976e-05
719,3.809468333363722e-05
720,3.684698932030246e-05
721,4.1914999719633336e-05
722,5.085460680655575e-05
723,5.857513375977074e-05
724,6.246196254725628e-05
725,6.475448719869255e-05
726,6.452286676429569e-05
727,6.374391501808944e-05
728,6.760629314630912e-05
729,8.338313610665691e-05
730,0.00010051236485585819
731,0.0001125685774288654
732,0.00011879451928611808
733,0.00012548348173595488
734,0.00013273062410092397
735,0.00014196107838810007
736,0.00015432485161876453
737,0.0001719445253486454
738,0.00018977973934962216
739,0.00020631025736112432
740,0.0002225206039019695
741,0.0002427607384903321
742,0.000268961987862953
743,0.0002959780940039454
744,0.0003217684181075531
745,0.0003460629566098562
746,0.0003691585867723463
747,0.00038999864361756085
748,0.00041193639188427623
749,0.0004411251373496287
750,0.00047803092940408457
751,0.0005123520004150665
752,0.0005412835734057084
753,0.0005662133884965047
754,0.0005926443308866883
755,0.0006200461406706944
756,0.0006417697804616763
757,0.0006545821461931959
758,0.0006579485173664435
759,0.0006491490334833543
760,0.000626153298581919
761,0.0005981369181731225
762,0.0005734406509335571
763,0.0005484992713417567
764,0.0005167239324851488
765,0.0004690708641641953
766,0.0004197484876578229
767,0.0003753292943700412
768,0.0003360914380845255
769,0.0003005947529428958
770,0.00027014751442303275
771,0.00024300777825940112
772,0.00021807746754713326
773,0.0001968391513149577
774,0.00017557462221383944
775,0.00015028316865592855
776,0.00012620235314599209
777,0.00011259005435930161
778,0.00011507829442296955
779,0.00011675266896120929
780,0.00011356323465332471
781,0.0001057475043223196
782,9.560670352990948e-05
783,8.16905337120726e-05
784,6.977276473680045e-05
785,6.56297547175474e-05
786,6.86728705532036e-05
787,7.020478145288303e-05
788,6.85870729695635e-05
789,6.70277376817886e-05
790,7.163646667719338e-05
791,8.090288105558705e-05
792,8.848836767850534e-05
793,8.963567631621907e-05
794,8.837277773751652e-05
795,8.86741706613049e-05
796,9.066618349379118e-05
797,9.516158037935557e-05
798,0.00010432749373711817
799,0.00011532593995161498
800,0.00012551635796023803
801,0.00013257714665188355
802,0.00014183293270316394
803,0.00015798138162911082
804,0.0001772896377127508
805,0.00019242465086736978
806,0.0001973890158031775
807,0.0002024347727984333
808,0.0002101340871526636
809,0.000220623695322979
810,0.0002329340515728149
811,0.00024950702782371793
812,0.00026454214571728225
813,0.0002730412279195262
814,0.0002730888626498527
815,0.0002764155290363195
816,0.0002864202542002478
817,0.00029739248754580196
818,0.0002968558946992106
819,0.00028454746586620874
820,0.0002702487864103974
821,0.0002598264726221155
822,0.0002507422817381154
823,0.000234662503920512
824,0.0002119004820774647
825,0.00019052273100461084
826,0.00017735186574196346
827,0.00016927466755016032
828,0.0001618237696913091
829,0.00015443432889493687
830,0.00014743708988976161
831,0.00014119919804813803
832,0.00013498762921356188
833,0.0001283378208599819
834,0.00011866169273172788
835,0.00011174490961210987
836,0.00010996893267219108
837,0.00011297658403810131
838,0.00011606507677293559
839,0.00011935126740588798
840,0.0001226599812812722
841,0.00012588994641172358
842,0.00012874076111639695
843,0.00013187358443841372
844,0.00013463491193293613
845,0.0001382977198152561
846,0.00014495672470058696
847,0.0001546456839180503
848,0.00016696303393754107
849,0.00018197067237395753
850,0.00019957074152118377
851,0.00021904040499740987
852,0.00024038660150323818
853,0.00026565982720480445
854,0.0002987420097439306
855,0.000336477802556168
856,0.00037123733336236344
857,0.00040100997599031935
858,0.00043256938909246457
859,0.00047236459925732656
860,0.0005175358155246907
861,0.0005635948550548569
862,0.0006060145461190259
863,0.0006516805578222092
864,0.0007051162621285907
865,0.0007654917684184937
866,0.0008248022392349694
867,0.0008771530832090595
868,0.0009315045858568627
869,0.0009926350888551777
870,0.0010620463252629683
871,0.0011342203760296961
872,0.0012134372079079347
873,0.0012912712558803944
874,0.001360977111718528
875,0.0014258479047558907
876,0.0014696768128709906
877,0.0014915706160338901
878,0.0014894350381817957
879,0.001453451817962207
880,0.001383728890717829
881,0.0012986317854242564
882,0.0012034223500383646
883,0.0011010060277648088
884,0.0009975219165652056
885,0.0008925514916413106
886,0.0007921347266604198
887,0.0007011408272357926
888,0.0006187217299604604
889,0.0005442793849253525
890,0.00047719129156213285
891,0.00041831498515478336
892,0.00037229289695877785
893,0.0003352941483438699
894,0.0003002372446547112
895,0.00026513925945246175
896,0.00023183575439173767
897,0.00020035613634652088
898,0.000170262771557384
899,0.0001464234889112765
900,0.00013138572770319694
901,0.000119995740526132
902,0.0001093367399506324
903,9.964100723972377e-05
904,9.000898942244263e-05
905,8.034409538087833e-05
906,7.079181755147324e-05
907,6.0369503763191336e-05
908,4.936995616764651e-05
909,4.2062551738635456e-05
910,4.2701842861048584e-05
911,4.572300817241792e-05
912,3.9109314103402245e-05
913,2.451120768897322e-05
914,1.2031938134709023e-05
915,1.0737556578749042e-05
916,1.3552383657678635e-05
917,1.3135973511046387e-05
918,7.92071397250159e-06
919,3.721597950591256e-06
920,5.339082853558032e-06
921,8.366536500020988e-06
922,8.248826400514743e-06
923,5.297505168305068e-07
924,6.986313305178981e-06
925,8.832090269015517e-06
926,7.460639574220921e-06
927,6.5894967273908615e-06
928,6.373714152464417e-06
929,6.357744127268248e-06
930,6.31243881785829e-06
931,6.256642853966018e-06
932,6.64136076094173e-06
933,7.331772484698317e-06
934,9.098629989539577e-06
935,1.4302627906868454e-05
936,2.1647341618880907e-05
937,2.4161040105473634e-05
938,1.9789030938718e-05
939,1.4112590113939283e-05
940,1.3593927750809634e-05
941,1.6633078614693e-05
942,1.9934198467751174e-05
943,2.3448947695786938e-05
944,2.5603849278368902e-05
945,2.457658016107795e-05
946,2.098710773583984e-05
947,1.7987788317557817e-05
948,1.8485574002922406e-05
949,1.8302194058428468e-05
950,1.4362994602109974e-05
951,3.7551421624800234e-06
952,7.926259426078329e-07
953,5.331722324014169e-06
954,1.3409435411457201e-05
955,1.492201707374401e-05
956,7.975265375809608e-06
957,1.6470971845141403e-06
958,3.349955639417539e-06
959,6.764313434236511e-06
960,6.638601801416461e-06
961,3.233055054981582e-06
962,2.37213027082445e-06
963,9.488518880535702e-06
964,1.96716567604314e-05
965,2.350696294249095e-05
966,2.139895265802808e-05
967,1.7882755113914183e-05
968,1.3978882454710668e-05
969,1.1279507644138899e-05
970,1.166500202475346e-05
971,1.6060773487619944e-05
972,2.1118799867750596e-05
973,2.67145425031415e-05
974,3.180846289162685e-05
975,3.513277232265091e-05
976,3.469246220727681e-05
977,3.479017122695117e-05
978,3.633780984799619e-05
979,3.863717407574061e-05
980,3.9112805481324436e-05
981,3.6454644349569266e-05
982,3.5591938081566973e-05
983,3.892246480860706e-05
984,4.593526632799072e-05
985,5.297320686979525e-05
986,6.003033346945615e-05
987,6.643866402825957e-05
988,7.16193952709492e-05
989,7.566036233610396e-05
990,7.889946892925384e-05
991,8.120884471072469e-05
992,8.334122855778006e-05
993,8.596124886384258e-05
994,8.879510230037658e-05
995,9.136936022389422e-05
996,9.37389815486913e-05
997,9.564200279249825e-05
998,9.501575752859882e-05
999,9.344755612338741e-05
1000,9.679096350178401e-05
1001,0.00011277585734210118
1002,0.00012622014044991748
1003,0.00013122575210597326
1004,0.0001270918835494187
1005,0.00012863590964062624
1006,0.00013749877800302846
1007,0.00014802831123633428
1008,0.00015459661739236142
1009,0.00015756428862622883
1010,0.00016606348096657756
1011,0.0001821663327171368
1012,0.00019950377755346467
1013,0.0002100387626229582
1014,0.0002152365102028396
1015,0.00021852264576673958
1016,0.0002190363298875322
1017,0.00022041200988555116
1018,0.0002258363115470086
1019,0.0002345411317290211
1020,0.00024428345285826064
1021,0.0002546047700044399
1022,0.0002654049676302946
1023,0.00027716452321801985
1024,0.0002901355428895055
1025,0.0003011334934825307
1026,0.0003086897935076767
1027,0.0003157758588943741
1028,0.0003234892709260189
1029,0.00033077259365841524
1030,0.0003442838407339506
1031,0.0003663591514935626
1032,0.00039001852354547743
1033,0.0004035915030287539
1034,0.0004087845697391812
1035,0.00042032539105077134
1036,0.000445252232412738
1037,0.00047358101955580304
1038,0.0004898412586581231
1039,0.0004979759489406325
1040,0.0005100605771446783
1041,0.0005350456815640847
1042,0.0005636245923431532
1043,0.0005903044468501875
1044,0.0006146642421795854
1045,0.0006381247598832817
1046,0.000657712271131645
1047,0.0006796820695868576
1048,0.0007079666362808448
1049,0.0007444091323974546
1050,0.0007811682755653677
1051,0.0008158028546916662
1052,0.0008532922134944109
1053,0.0009010811371676368
1054,0.0009593133559381091
1055,0.0010130585483189819
1056,0.0010573285595438105
1057,0.0011010776175329295
1058,0.0011585025239952093
1059,0.0012287331879027206
1060,0.0013051640764200135
1061,0.0013831264352845666
1062,0.0014670401066420508
1063,0.0015582922799224365
1064,0.0016583450384669593
1065,0.0017695839736256128
1066,0.0018945444645709192
1067,0.0020310314588741917
1068,0.0021791743688085717
1069,0.002338188460377351
1070,0.0025098199732321515
1071,0.0026863206917002113
1072,0.0028819518482817094
1073,0.003103932445055839
1074,0.0033555765375960665
1075,0.0036287669475785454
1076,0.003928344244709289
1077,0.004247689128889744
1078,0.004568100149924675
1079,0.004896069398401586
1080,0.005252713102463481
1081,0.005645932569748794
1082,0.0060685489985865875
1083,0.0065066673656751445
1084,0.006961014582506153
1085,0.0074338925354699575
1086,0.007923847401583185
1087,0.008434866180239631
1088,0.008969999696942295
1089,0.009533119306074936
1090,0.010108789152249668
1091,0.01070780827664225
1092,0.011307405626085034
1093,0.011903473049268943
1094,0.012511005849162652
1095,0.013062929919942253
1096,0.013576145953789486
1097,0.014003900325216253
1098,0.01430875709240064
1099,0.014490215126965801
1100,0.014528449570047525
1101,0.014419038376738047
1102,0.01416796204612807
1103,0.013763160455741864
1104,0.013221506763234973
1105,0.012585646442786402
1106,0.011831492290876142
1107,0.011030039329859019
1108,0.010205159993950687
1109,0.009366144432291128
1110,0.008560902720468846
1111,0.007772941677289866
1112,0.007042131296692212
1113,0.006385548491825303
1114,0.0058052583521541615
1115,0.005283142058057947
1116,0.004828646154785457
1117,0.00441471741965438
1118,0.004029456531821999
1119,0.0036707102913394493
1120,0.003352332419719148
1121,0.0030800060431688337
1122,0.002834729585157686
1123,0.0025949022098815757
1124,0.0023666602618494996
1125,0.0021708583912055596
1126,0.0020177691789845594
1127,0.0018835108292319387
1128,0.0017527455094730865
1129,0.0016274369821166084
1130,0.0015121879185621447
1131,0.0014097776538843528
1132,0.0013144173292948835
1133,0.0012244901174152556
1134,0.0011410258095253603
1135,0.0010662156032202165
1136,0.001003038734234696
1137,0.00094465617695117
1138,0.0008898162118085735
1139,0.0008382809405005361
1140,0.000789998047427277
1141,0.0007449603736119845
1142,0.0007035098978700658
1143,0.0006679936632148338
1144,0.0006359550392186988
1145,0.0006024653456918083
1146,0.0005669689358954406
1147,0.0005324853561108245
1148,0.0004976084731539634
1149,0.00046569524139014433
1150,0.0004411453476918597
1151,0.0004297243566382933
1152,0.0004149882636992641
1153,0.00038802568467720514
1154,0.00035773208881353973
1155,0.00033473888708851474
1156,0.00032278438705529147
1157,0.00031074320833358957
1158,0.00029665318551732407
1159,0.00028231865610839997
1160,0.0002734756676739144
1161,0.00027014878101123794
1162,0.0002625433043222983
1163,0.00024343709659191607
1164,0.00022067678188949317
1165,0.00020907709176088682
1166,0.0002071757225886519
1167,0.0002061747874922189
1168,0.00020121769167132802
1169,0.00019488728382167144
1170,0.00018772731576665246
1171,0.00017983448876228653
1172,0.0001748631851258763
1173,0.00017698383926477033
1174,0.00017952913086672527
1175,0.0001787649376265624
1176,0.00017349009337332016
1177,0.0001699405074627358
1178,0.00016845881953884571
1179,0.00016807432741498484
1180,0.00016760717664347072
1181,0.0001671912951597415
1182,0.00016906022866011248
1183,0.00017426590618353956
1184,0.00017883707808520716
1185,0.00017678801371443387
1186,0.00017093890938275837
1187,0.00016674347362561996
1188,0.00016771593802196187
1189,0.0001685804120065462
1190,0.00016733932077259427
1191,0.0001640253202681796
1192,0.00015861985222264318
1193,0.0001510152566385419
1194,0.00014139645539383688
1195,0.00012876119173483758
1196,0.0001139970135790841
1197,0.00010191453306808184
1198,9.310783513912822e-05
1199,8.443699256244685e-05
1200,7.373514826417959e-05
1201,6.199888688561978e-05
1202,5.312698169171864e-05
1203,4.7021453824445054e-05
1204,4.271723466119455e-05
1205,4.200460808169957e-05
1206,4.1379970834130235e-05
1207,3.631478547718751e-05
1208,2.5815633840091066e-05
1209,1.659365468007942e-05
1210,1.1925219818061933e-05
1211,9.28510481477843e-06
1212,6.892503174414587e-06
1213,3.832650201662272e-06
1214,2.384734475537895e-06
1215,2.362416640671511e-06
1216,4.177840093515368e-06
1217,1.0020320719568132e-05
1218,2.0209103177334887e-05
1219,2.4371888493304985e-05
1220,1.929957720098162e-05
1221,1.064932494299283e-05
1222,6.406953832493409e-06
1223,5.643030430687284e-06
1224,5.211292364009859e-06
1225,4.355678439266239e-06
1226,2.986413985851947e-06
1227,1.5609157695788004e-07
1228,3.839741994230419e-06
1229,5.140473011932185e-06
1230,1.5644798386501661e-06
1231,2.6670713044335876e-06
1232,7.78569566982584e-06
1233,1.2960754800118214e-05
1234,1.3066768232894574e-05
1235,6.673625718743232e-06
1236,3.263672897425782e-07
1237,2.9278287744555874e-06
1238,3.7371263219871723e-06
1239,4.643124024153133e-06
1240,5.597389200057681e-06
1241,6.420765150835476e-06
1242,6.706430353258259e-06
1243,6.91919514411315e-06
1244,8.409760199250206e-06
1245,1.155448394349073e-05
1246,1.1877155549126705e-05
1247,2.9828174260396652e-06
1248,6.17839523741003e-06
1249,8.54518050600848e-06
1250,4.5241043825808015e-07
1251,3.993212284294031e-06
1252,3.222971360796511e-06
1253,1.1435633914599791e-06
1254,1.79502147031049e-06
1255,5.0667630852940045e-06
1256,9.01006243256372e-06
1257,1.4072323622823977e-05
1258,1.7456895117889997e-05
1259,1.392053128678701e-05
1260,6.501000760183125e-06
1261,1.1306904497708188e-06
1262,5.582195648500359e-07
1263,1.4294989829300494e-07
1264,5.2962286676704225e-06
1265,1.184844805211028e-05
1266,1.4253286035917534e-05
1267,7.079016547990122e-06
1268,1.8888982346282875e-06
1269,9.659937826848239e-07
1270,2.6183010502465833e-06
1271,1.915854535778373e-06
1272,1.3450307662148915e-06
1273,4.120196562915059e-06
1274,5.400357086783112e-06
1275,5.93179051385498e-06
1276,6.762595279801613e-06
1277,7.341084661459256e-06
1278,7.516975214826718e-06
1279,6.1296591260355145e-06
1280,5.2358961152413905e-06
1281,7.94423947168712e-06
1282,1.3294451230044784e-05
1283,1.470364625335474e-05
1284,4.810845083596968e-06
1285,3.5645311007153618e-06
1286,4.660937761223674e-06
1287,2.0642827034041875e-06
1288,5.6415545800829486e-06
1289,5.225510091958641e-06
1290,5.009724212889053e-06
1291,8.849872066035664e-06
1292,1.5197197128589723e-05
1293,1.873070287587312e-05
1294,1.9226946627770493e-05
1295,1.834249359097521e-05
1296,1.59867661880988e-05
1297,1.3525531987728109e-05
1298,1.2841029173294105e-05
1299,1.5095049543291882e-05
1300,1.6364490325419638e-05
1301,1.3986845439687792e-05
1302,1.1025237308489688e-05
1303,1.024501346717299e-05
1304,1.2895718249233124e-05
1305,1.4543015334407478e-05
1306,1.5054953766239017e-05
1307,1.4410486152900237e-05
1308,1.101219695688123e-05
1309,5.748405062455799e-06
1310,5.165849381968897e-06
1311,1.2078554087566116e-05
1312,1.9745636525426343e-05
1313,2.1126801401064397e-05
1314,1.845374409063487e-05
1315,1.5308921222100024e-05
1316,1.2038425269081811e-05
1317,9.510535487685456e-06
1318,7.903774731983172e-06
1319,7.2249220023254665e-06
1320,7.430825189251246e-06
1321,8.999070649704563e-06
1322,1.0332672384784239e-05
1323,1.136185790509873e-05
1324,1.1722174714955743e-05
1325,9.513933248218573e-06
1326,5.138624343843098e-06
1327,2.7551333275084078e-06
1328,6.331057664474926e-06
1329,1.0785791561746714e-05
1330,9.004280182061658e-06
1331,2.908435106271674e-06
1332,1.4921818825155367e-06
1333,1.4869745529205376e-07
1334,2.2493141687796218e-06
1335,2.708144557166562e-06
1336,1.6101915576668418e-06
1337,3.408878974795638e-07
1338,4.859346600808258e-06
1339,6.35223171512295e-06
1340,9.257944758134464e-07
1341,9.419385192152012e-06
1342,1.4224044369092823e-05
1343,1.3625322617583206e-05
1344,1.143933455492111e-05
1345,9.252063383338082e-06
1346,7.429046458858707e-06
1347,6.4798927923979815e-06
1348,6.31442130374471e-06
1349,6.311260340136917e-06
1350,6.5335685977728285e-06
1351,6.763101915083698e-06
1352,6.823099647674133e-06
1353,6.6637793721740074e-06
1354,6.723672473564882e-06
1355,6.8339867993337295e-06
1356,7.520703389674237e-06
1357,9.6222926226272e-06
1358,1.2840764841842582e-05
1359,1.438628330437018e-05
1360,1.415110540918825e-05
1361,1.3019711727618278e-05
1362,1.0692515600790607e-05
1363,8.43076904274103e-06
1364,8.117574821023193e-06
1365,1.031301273307723e-05
1366,1.1878262437079955e-05
1367,1.1874501220800997e-05
1368,1.1025909150928974e-05
1369,9.989162649719882e-06
1370,8.817568559897481e-06
1371,7.107013654230578e-06
1372,4.901125288102484e-06
1373,2.6800114303666762e-06
1374,3.9194351734119223e-07
1375,1.887721408978487e-06
1376,3.2636415080659138e-06
1377,3.6658361295114743e-06
1378,3.3484093004261307e-06
1379,1.5823613106551594e-06
1380,1.104238030450199e-06
1381,3.8677407525424465e-06
1382,6.893846859293162e-06
1383,8.479940199629509e-06
1384,6.312202020932966e-06
1385,3.2192740246183358e-06
1386,2.784845834731142e-06
1387,7.418627394144517e-06
1388,8.386603662715761e-06
1389,3.7165894202754232e-06
1390,2.480561235001198e-06
1391,3.8237091903145135e-06
1392,1.4993744514495769e-06
1393,7.229156812455071e-07
1394,3.7756785135012487e-06
1395,5.7466208251580206e-06
1396,4.3597452887860226e-07
1397,9.172339916177756e-06
1398,1.2915311818077253e-05
1399,2.0569552152917662e-06
1400,3.6032518035297836e-06
1401,8.741336470659355e-07
1402,9.24151215289813e-06
1403,1.1900983928100436e-05
1404,7.977484658621351e-06
1405,3.989111291961759e-06
1406,1.5010215668068783e-06
1407,1.4217672879730074e-07
1408,2.0941295791147796e-06
1409,4.622150424855847e-06
1410,5.6915682934731585e-06
1411,3.7292949520452857e-06
1412,1.581420180549633e-06
1413,1.4821653725743948e-06
1414,2.1501265450483122e-06
1415,1.2580778338554192e-06
1416,4.300320274340554e-06
1417,7.08167087631583e-06
1418,5.037789604754486e-06
1419,7.933319278596083e-07
1420,1.4083194253767852e-07
1421,3.018311082383413e-06
1422,5.168504811675654e-06
1423,5.218182603846219e-06
1424,4.256020525827429e-06
1425,3.272178863259576e-06
1426,2.436866144683431e-06
1427,2.126295963312484e-06
1428,2.8862180477711828e-06
1429,3.7072794462765807e-06
1430,4.416851345434902e-06
1431,5.035336278470041e-06
1432,5.35229226715736e-06
1433,5.301068686685909e-06
1434,5.133179115941729e-06
1435,4.937056192722293e-06
1436,4.610050101971867e-06
1437,2.9052086104915237e-06
1438,4.3264725673255904e-07
1439,1.0215199082203316e-06
1440,9.119165239179754e-06
1441,1.7114497777684136e-05
1442,1.6722351055539585e-05
1443,1.1007494059806221e-05
1444,6.676147881343178e-06
1445,6.164578412162724e-06
1446,6.70273521984218e-06
1447,8.111120728081845e-06
1448,1.0266154476389574e-05
1449,1.236337673348717e-05
1450,1.445142448645483e-05
1451,1.5129704497967569e-05
1452,1.343282874491697e-05
1453,1.1296077922006234e-05
1454,1.0645899647933513e-05
1455,1.1737803312027029e-05
1456,1.5522721311140047e-05
1457,2.522528258454634e-05
1458,3.465101723844013e-05
1459,4.175621912084673e-05
1460,4.6741036702716053e-05
1461,4.8634266669006175e-05
1462,4.345907537298804e-05
1463,4.127352235583991e-05
1464,4.4094902652005165e-05
1465,5.076634763627334e-05
1466,5.893121025259291e-05
1467,6.845540286527371e-05
1468,7.913912944530119e-05
1469,9.141473712307231e-05
1470,0.00010390726179824932
1471,0.00011340771964934547
1472,0.00012208048964286087
1473,0.00013446507897533274
1474,0.0001533308001538816
1475,0.00017500889783852823
1476,0.0001982098200292082
1477,0.0002238534401772208
1478,0.0002545231025997298
1479,0.00029121373986645653
1480,0.00032830952015169433
1481,0.0003644842705355324
1482,0.00040053406923947355
1483,0.0004346683460247128
1484,0.00046933943593275294
1485,0.0005116253642686409
1486,0.000568429367165104
1487,0.0006279893007889544
1488,0.0006813693853524114
1489,0.0007331645825877796
1490,0.0007930582346691775
1491,0.0008691482457521108
1492,0.0009404400902993813
1493,0.0010025337510241824
1494,0.0010595742755007062
1495,0.0011220253343755871
1496,0.0011886060214899878
1497,0.0012433430075045953
1498,0.0012828390825768174
1499,0.0013056261057696544
1500,0.0013135406299806661
1501,0.0013029849940165224
1502,0.0012681929174003584
1503,0.0011913809510404533
1504,0.0011094888645965945
1505,0.0010247684316214418
1506,0.0009406322812922594
1507,0.0008609627818032882
1508,0.0007850902934773372
1509,0.0007151134979013926
1510,0.0006526574828117956
1511,0.0005940320710071831
1512,0.0005312338017569164
1513,0.00046883610479381163
1514,0.0004176918788268707
1515,0.0003845984622010549
1516,0.00035506068908158745
1517,0.0003207303664698021
1518,0.00028582534322716427
1519,0.0002555066358756042
1520,0.00022796908087743074
1521,0.00021031664106137152
1522,0.0002068652983402698
1523,0.00020617390638738047
1524,0.00019211026164721486
1525,0.00016782012866910375
1526,0.00014918834082515257
1527,0.00013928731068689457
1528,0.00013315955695007212
1529,0.0001283581964093701
1530,0.00012422284098840075
1531,0.00012001815363045904
1532,0.00011540529445612421
1533,0.00011103424349088035
1534,0.00010642744191230959
1535,0.00010258824785515056
1536,0.00010097191609814105
1537,0.00010172757363518186
1538,9.93513990931491e-05
1539,9.318812581752827e-05
1540,8.73223355629754e-05
1541,8.667538433537335e-05
1542,8.812502207076629e-05
1543,8.676635840993911e-05
1544,8.147642523633913e-05
1545,7.79307492284752e-05
1546,8.164950726803415e-05
1547,8.454900301502964e-05
1548,8.01333461173413e-05
1549,6.616904594770632e-05
1550,6.4891884484432e-05
1551,7.864571073579197e-05
1552,9.341143082501265e-05
1553,9.844711018367913e-05
1554,9.710915248655457e-05
1555,9.562762976982168e-05
1556,9.402341320434032e-05
1557,9.346325080332159e-05
1558,9.624847826658587e-05
1559,9.951913942676128e-05
1560,0.00010112236474929945
1561,0.00010090957793082359
1562,0.00010227462960172924
1563,0.00010546444939298061
1564,0.00010922505991236401
1565,0.0001126264550029384
1566,0.00011635055474058022
1567,0.00012335368613436234
1568,0.0001330996418210603
1569,0.00014260389943677207
1570,0.00015161220516656424
1571,0.0001586964532745324
1572,0.00016075845887261983
1573,0.00015886303715804414
1574,0.00016045734129409344
1575,0.00016978488232065176
1576,0.00017767468052713565
1577,0.00018128175852842626
1578,0.00018236838107039453
1579,0.00018600673829344863
1580,0.0001919077176724855
1581,0.00019824467873937778
1582,0.00020539622122937946
1583,0.00021156516661739754
1584,0.0002124466569391737
1585,0.00021088737672045118
1586,0.00021312334545507203
1587,0.00022596803672035077
1588,0.000236363586949166
1589,0.00024147074593784844
1590,0.00024373656209887042
1591,0.0002467677279501557
1592,0.0002504858251610859
1593,0.0002575178678073783
1594,0.00026917653689110567
1595,0.0002818017779825681
1596,0.00029022822410469564
1597,0.000296683418427092
1598,0.0003046651819510849
1599,0.00031662562944196747
1600,0.0003273971360915215
1601,0.0003352318652456048
1602,0.0003417291323240352
1603,0.0003486492195867972
1604,0.00035672157170198903
1605,0.0003604288203095963
1606,0.0003586480523621186
1607,0.00035679018774128015
1608,0.00036259275872367716
1609,0.00037135220740567107
1610,0.00037471373250230744
1611,0.0003709768567445087
1612,0.00036741730333543986
1613,0.0003674649931348187
1614,0.0003686431955109292
1615,0.00036983731284318346
1616,0.00037128623468089513
1617,0.00036937737611753376
1618,0.0003633622936619229
1619,0.00035754711186652613
1620,0.00035608354166087586
1621,0.0003566345625991961
1622,0.00035517165322217464
1623,0.00035132552046441315
1624,0.0003432131882171784
1625,0.00032525153567188996
1626,0.00030714207778995833
1627,0.0002950655998056677
1628,0.0002877309527164341
1629,0.0002766494073018648
1630,0.00026055101614455003
1631,0.00024498321530711485
1632,0.00023254482351044758
1633,0.00022146035943610107
1634,0.00020673698744817646
1635,0.00018998762502243436
1636,0.00017609276692787652
1637,0.00016877899100950272
1638,0.00016325468394888583
1639,0.00015894822898210786
1640,0.0001545231002074066
1641,0.00014720332176232115
1642,0.0001353788397618156
1643,0.00012464924066113846
1644,0.00011550579547675528
1645,0.00010849489934658468
1646,0.00010666198100648368
1647,0.00010770983493556197
1648,0.00010446434033233363
1649,9.442128710793452e-05
1650,8.313191108960544e-05
1651,7.13638197987581e-05
1652,6.14719311231986e-05
1653,5.709129814283704e-05
1654,6.329994831763594e-05
1655,5.940507944849993e-05
1656,4.211700401764915e-05
1657,2.3377792973180144e-05
1658,1.3461938246015916e-05
1659,1.0558510568679028e-05
1660,9.45222286809848e-06
1661,9.763731976812856e-06
1662,9.565224563624475e-06
1663,6.864742865099454e-06
1664,3.884546175263533e-06
1665,2.5251633126120015e-06
1666,2.8837305786742486e-06
1667,1.0003447561912593e-06
1668,4.321495426369626e-06
1669,8.66705933278145e-06
1670,9.502506419845452e-06
1671,8.324623444238905e-06
1672,1.0087075424888118e-05
1673,1.3854586096537313e-05
1674,1.5736091861571345e-05
1675,1.1124190888748295e-05
1676,6.725654959451302e-06
1677,6.254627326648157e-06
1678,8.787721133496366e-06
1679,1.1822235183167603e-05
1680,1.5838134815669628e-05
1681,1.8768518794156598e-05
1682,2.0028680440954858e-05
1683,2.058851242765918e-05
1684,2.249387961309839e-05
1685,2.5029594706840865e-05
1686,2.5812070872400748e-05
1687,2.373562066186865e-05
1688,2.1585901077117578e-05
1689,2.216711086996381e-05
1690,2.274348009310403e-05
1691,2.0255961434022542e-05
1692,1.3086901478452228e-05
1693,7.774874601029127e-06
1694,4.482427022342992e-06
1695,2.6949687356891983e-06
1696,2.9037630478660085e-06
1697,4.112028721063004e-06
1698,3.19678822914213e-06
1699,1.594529919164116e-07
1700,1.9340719290030095e-06
1701,5.198353339457818e-07
1702,2.7984247616720776e-06
1703,2.439857495609831e-06
1704,5.0114710032312e-07
1705,6.154396144373856e-06
1706,1.549529692304456e-05
1707,2.3400244625843863e-05
1708,2.66582068625357e-05
1709,2.835209236604095e-05
1710,3.645763459911462e-05
1711,4.8286257792360685e-05
1712,5.626355521620388e-05
1713,5.195925344937476e-05
1714,4.9036865497296346e-05
1715,5.3464307172198405e-05
1716,6.174408238016229e-05
1717,6.837494697971646e-05
1718,7.278305941722591e-05
1719,7.914166262171162e-05
1720,8.848170432316486e-05
1721,9.79720845376717e-05
1722,0.0001043877392804444
1723,0.00010857094970794988
1724,0.00011069545868051197
1725,0.00010962904648077469
1726,0.00011332550155411141
1727,0.00013202959506386456
1728,0.00014970549429624643
1729,0.00015533669038757283
1730,0.00014816411151955412
1731,0.000150079633438256
1732,0.00016198088169780794
1733,0.0001729173201593017
1734,0.00017488300998474052
1735,0.00017252792688977718
1736,0.0001706963302069338
1737,0.00016968140757119105
1738,0.0001700638621401131
1739,0.0001743926200731133
1740,0.00017717927933174002
1741,0.00017638909349884405
1742,0.00017374677022655928
1743,0.00017361063952902505
1744,0.00017588713908621274
1745,0.00017774841798830004
1746,0.00017772253553367175
1747,0.00017903494119048244
1748,0.0001873629238469178
1749,0.00019807952665122842
1750,0.00020501255514130458
1751,0.00020497158376631857
1752,0.00020421636678169699
1753,0.0001998163494948904
1754,0.0001997024116254736
1755,0.00021428001583169385
1756,0.00024042883946642942
1757,0.00025713387130498903
1758,0.00026362673285922734
1759,0.00026830440830823767
1760,0.0002760180956851445
1761,0.00028513609896731857
1762,0.0002944221179283669
1763,0.0003039098548283585
1764,0.00031422428834298766
1765,0.0003252658536255141
1766,0.00033728423375952213
1767,0.0003497810538207864
1768,0.0003637826357388966
1769,0.00038315686454731243
1770,0.00040634192685090105
1771,0.00042754169474639613
1772,0.0004419924749249379
1773,0.0004582905464662572
1774,0.0004836685685745418
1775,0.0005116286133427325
1776,0.0005321507014793861
1777,0.000539718676143641
1778,0.0005621410320714815
1779,0.0006029885016896138
1780,0.0006482178158072605
1781,0.0006820671102463268
1782,0.0007112828946164079
1783,0.0007470238110054342
1784,0.0007903587497205009
1785,0.0008364939497501372
1786,0.0008852140910994568
1787,0.0009346804181088044
1788,0.0009810788482089155
1789,0.0010269348481428808
1790,0.0010888572441147162
1791,0.0011670530957614477
1792,0.0012490129171397592
1793,0.0013257703651377876
1794,0.0014066822224489159
1795,0.0015003976344431797
1796,0.0016074309460700005
1797,0.001726910964920401
1798,0.0018568017881271319
1799,0.0020043653716302575
1800,0.0021675647111814808
1801,0.0023488657989472997
1802,0.002547964653758463
1803,0.0027645760179235354
1804,0.0030151732477776277
1805,0.003302425540290596
1806,0.003623879569177994
1807,0.003965809923819501
1808,0.00435436008615177
1809,0.004815207103237618
1810,0.005351546081497331
1811,0.005939946240515507
1812,0.006581627359802818
1813,0.007286957289854723
1814,0.008065909036060966
1815,0.008914269815912906
1816,0.009856082777688634
1817,0.010871209168925257
1818,0.0119316078281404
1819,0.013018759033011747
1820,0.014167560042045547
1821,0.01541137168718607
1822,0.016725478977715938
1823,0.018092215761625043
1824,0.01952825144107504
1825,0.02098980061250223
1826,0.022465876999952693
1827,0.023891873591150067
1828,0.025286348656753343
1829,0.026513705669036575
1830,0.027498417422632353
1831,0.028235120191836872
1832,0.028417729169597204
1833,0.027966190474438626
1834,0.027034411094010283
1835,0.025582565089616077
1836,0.023720063654565485
1837,0.02174582160528887
1838,0.019685682848077826
1839,0.01767551925592031
1840,0.015709383371157064
1841,0.013899808802368671
1842,0.012320643148824318
1843,0.01094703374717562
1844,0.009733240242498654
1845,0.008675380266599177
1846,0.007765193461617104
1847,0.007011375230926486
1848,0.006370085101911219
1849,0.005821448653559933
1850,0.005351310936643581
1851,0.004945479004286961
1852,0.004601740181964619
1853,0.004299439169502144
1854,0.004040053469575443
1855,0.003811777378730879
1856,0.0036118579950389466
1857,0.0034378739322655934
1858,0.0032891533479715313
1859,0.0031646631467337257
1860,0.0030577928395020106
1861,0.0029700034082365736
1862,0.002892012964155296
1863,0.0028203472007422258
1864,0.0027507724092488053
1865,0.0026744334860490213
1866,0.0025768318510268487
1867,0.0024993419846318925
1868,0.0024504004656919222
1869,0.002403413898112173
1870,0.0023324398019972537
1871,0.002244688368377973
1872,0.002166718850536608
1873,0.0020976093925359723
1874,0.002021451646518586
1875,0.0019195705954343641
1876,0.0018201775641376002
1877,0.0017426535549301557
1878,0.001677491997296118
1879,0.001592546331896647
1880,0.0014871177324567793
1881,0.001394416692407734
1882,0.001327324964487056
1883,0.0012681450073247697
1884,0.0011963850758320942
1885,0.001120699822284305
1886,0.0010538311240258494
1887,0.0010009323429803737
1888,0.0009508393301547075
1889,0.0009036121108159677
1890,0.0008567455937704515
1891,0.0008060077223411746
1892,0.0007537152515626291
1893,0.0007097850163911122
1894,0.0006735517826736247
1895,0.0006409619174629598
1896,0.0006121255588639185
1897,0.0005840987153351659
1898,0.0005552414304962125
1899,0.0005263488463946703
1900,0.0004986965825603465
1901,0.000472293174696363
1902,0.00044944590596019963
1903,0.00043106875741454867
1904,0.0004141536922101333
1905,0.000396591840985273
1906,0.0003782315986387091
1907,0.0003577030674229246
1908,0.00033381796732521985
1909,0.00031639263228126064
1910,0.0003124426392906716
1911,0.0003041250096160876
1912,0.00028010493527094894
1913,0.0002476744949669837
1914,0.00023442075078047343
1915,0.0002357881153515799
1916,0.0002328184065627737
1917,0.000212041018299191
1918,0.00019127106435768234
1919,0.00017920571032197666
1920,0.00017172254199841866
1921,0.000162738907204102
1922,0.00015102015778420554
1923,0.00014656094126606838
1924,0.00015093314868141263
1925,0.0001537833025574572
1926,0.0001444190855420001
1927,0.00012944294660355678
1928,0.00011447561871349757
1929,0.00010027220871833925
1930,8.98925734456678e-05
1931,8.552614828082557e-05
1932,8.185959570294238e-05
1933,7.803626153287471e-05
1934,7.373547867849399e-05
1935,6.697013545297759e-05
1936,5.9339932759510034e-05
1937,5.6570620252389524e-05
1938,6.232175673984439e-05
1939,6.598296761964475e-05
1940,5.978775429363158e-05
1941,5.14207937619071e-05
1942,4.674375711390464e-05
1943,4.597425521709034e-05
1944,4.550376175409548e-05
1945,4.5412677541424914e-05
1946,4.284630550621103e-05
1947,3.102413640590631e-05
1948,1.99476738648736e-05
1949,2.2450925752225936e-05
1950,3.313359500644732e-05
1951,3.761944842523068e-05
1952,2.9855670238260265e-05
1953,2.4871083946411027e-05
1954,2.495370404572762e-05
1955,2.575385737710809e-05
1956,2.0606597104467533e-05
1957,1.256545262127111e-05
1958,8.640169114494246e-06
1959,9.628746715568549e-06
1960,1.0440194709596375e-05
1961,9.191261642582597e-06
1962,6.806865291026441e-06
1963,3.0153533235789777e-06
1964,1.3420394152884918e-06
1965,9.5033104280105e-07
1966,3.6057723140581586e-06
1967,4.793131572201797e-06
1968,1.4235135276246299e-06
1969,8.411676602273747e-06
1970,1.1893962623919362e-05
1971,1.2376351002232748e-05
1972,1.0328944209936719e-05
1973,5.641956584165473e-06
1974,2.3628197461350834e-06
1975,2.7346300179186225e-07
1976,9.308365982512437e-07
1977,1.3804908304366746e-06
1978,1.6214201374513204e-07
1979,5.378038701226203e-06
1980,1.3163331816278997e-05
1981,1.6895548732244657e-05
1982,8.852526394361372e-06
1983,4.799517930208692e-06
1984,8.629612377149052e-06
1985,1.4433306768215038e-05
1986,1.3530504723159884e-05
1987,7.519491870521424e-06
1988,2.276707167515244e-06
1989,1.1536806777670143e-06
1990,1.9662047210787495e-06
1991,2.1275394225156894e-06
1992,6.622604241694091e-06
1993,8.783623995997763e-06
1994,9.377268380876046e-06
1995,1.2936992504007361e-05
1996,1.964840109960263e-05
1997,2.2405950857130378e-05
1998,1.770841200091918e-05
1999,1.028363339362152e-05
2000,3.3713659363003614e-06
2001,2.1631008137938896e-06
2002,5.466167908544952e-06
2003,5.851962415495096e-06
2004,6.273918015704082e-06
2005,6.3404689655301855e-06
2006,6.615880310395981e-06
2007,8.785033763739219e-06
2008,1.1519999702877484e-05
2009,1.006354441879735e-05
2010,5.2238293844793755e-06
2011,2.4077918877780196e-06
2012,7.2413270730356e-06
2013,9.18094170216273e-06
2014,5.544451319985e-06
2015,9.959072919488204e-08
2016,3.554817470562423e-06
2017,5.208166644595602e-06
2018,2.018201471045904e-06
2019,6.110401478411031e-06
2020,1.142141508526996e-05
2021,5.005085746605352e-06
2022,1.116237576968286e-06
2023,1.3977335014338211e-06
2024,9.125046613976137e-06
2025,1.0049061258015997e-05
2026,4.091088713887683e-06
2027,6.054098879236674e-07
2028,2.016487171444674e-06
2029,1.2221805213575753e-06
2030,1.879587709938921e-06
2031,5.724037006768541e-06
2032,8.7057783835243e-06
2033,1.0480731039068445e-05
2034,1.2604942638747568e-05
2035,1.553344325564244e-05
2036,1.6927246478806433e-05
2037,1.4581233256773485e-05
2038,1.1065371633879234e-05
2039,1.0361578130389303e-05
2040,1.1644059264125516e-05
2041,1.3333875164658363e-05
2042,1.703302311465747e-05
2043,1.7724172763716227e-05
2044,1.3833043083238204e-05
2045,9.180605780943085e-06
2046,6.532494751251018e-06
2047,6.077360046970681e-06
2048,1.0864342058090905e-05
2049,1.9669173146168133e-05
2050,2.3746678527590687e-05
2051,1.194098058085898e-05
2052,2.9164344368233826e-06
2053,4.68436523749593e-06
2054,1.180694250731596e-05
2055,1.4903800231209897e-05
2056,1.4295298215993938e-05
2057,1.3380661831577896e-05
2058,1.261096168617495e-05
2059,1.2229839788320997e-05
2060,1.287548587938115e-05
2061,1.3599539287249255e-05
2062,1.4089868622918801e-05
2063,1.4155307177886416e-05
2064,1.1399029515469123e-05
2065,5.327419778950112e-06
2066,2.513197908906403e-06
2067,6.136212343271185e-06
2068,1.137315256774609e-05
2069,1.3507882356433723e-05
2070,1.3700546943162403e-05
2071,1.3205547751849284e-05
2072,1.192199277159126e-05
2073,1.0892102367406039e-05
2074,9.990506334598457e-06
2075,9.82160955088587e-06
2076,1.0815705071010712e-05
2077,1.2682050325918862e-05
2078,1.6587701715514917e-05
2079,2.08015415499656e-05
2080,2.11041459929068e-05
2081,1.063806882868215e-05
2082,4.632771592992348e-06
2083,5.667128648017779e-06
2084,8.755015623275661e-06
2085,8.86075921769526e-06
2086,7.185129105060805e-06
2087,8.330102814952762e-06
2088,1.1813291969057748e-05
2089,1.295864014850603e-05
2090,5.116440877464571e-06
2091,7.008665833548377e-07
2092,5.9249289099258675e-06
2093,1.4316846736198285e-05
2094,1.2577281453726754e-05
2095,2.729857183147064e-06
2096,1.3955153200031257e-06
2097,2.5428432318852086e-06
2098,7.496770379500944e-06
2099,9.884465367295894e-06
2100,1.0324004515936387e-05
2101,8.965897052538452e-06
2102,6.632522178031437e-06
2103,4.575262430879895e-06
2104,2.5361209526586697e-06
2105,1.640914582001127e-07
2106,2.9293751134469955e-06
2107,4.171487327630437e-06
2108,1.0356032676812565e-06
2109,7.437213199329713e-06
2110,9.083436437982257e-06
2111,5.295455498174717e-06
2112,3.0179751611637693e-06
2113,2.323864449157435e-06
2114,3.1069783143441156e-06
2115,6.791401901112359e-06
2116,9.571876905154466e-06
2117,5.715765635097974e-06
2118,1.086289374201277e-06
2119,5.0095562522792324e-06
2120,3.818062960371881e-06
2121,3.1970233739958804e-06
2122,3.7128248998533193e-06
2123,3.314461983073791e-06
2124,1.9684229025094454e-06
2125,7.783746225370861e-06
2126,4.586387480845862e-06
2127,4.387474759431812e-06
2128,8.512039950273808e-06
2129,5.910577914870276e-07
2130,7.307035466359976e-06
2131,1.002959985489763e-05
2132,1.0674232675393612e-05
2133,1.0800715274947272e-05
2134,1.0741521550521884e-05
2135,1.1389656762750545e-05
2136,1.2604672800390805e-05
2137,1.336022570623204e-05
2138,1.3198185019543326e-05
2139,1.3037658731795627e-05
2140,1.2944085397956556e-05
2141,1.2887110956342913e-05
2142,1.2573112726460031e-05
2143,1.2339449230219116e-05
2144,1.3044448745956617e-05
2145,1.5008062468119921e-05
2146,1.5519026177723968e-05
2147,1.1143046532290255e-05
2148,7.148893668581222e-06
2149,5.8866834530336635e-06
2150,6.929008449250934e-06
2151,8.92210063516427e-06
2152,1.1522923869559953e-05
2153,1.3605222413456993e-05
2154,1.505797705721581e-05
2155,1.5573676705326308e-05
2156,1.2208935576029736e-05
2157,1.053800836047029e-05
2158,1.5840018177261726e-05
2159,2.704474204824063e-05
2160,2.9646000328150285e-05
2161,2.434012466388033e-05
2162,1.9643692695622384e-05
2163,1.9941456568857575e-05
2164,2.0847656374445846e-05
2165,1.8515724309111727e-05
2166,1.6006965516519335e-05
2167,1.7138122401163984e-05
2168,2.2718875240491446e-05
2169,2.438085924194104e-05
2170,2.2111849075879825e-05
2171,1.9902296965695517e-05
2172,2.043786552791215e-05
2173,2.186010090283056e-05
2174,2.3038589638013513e-05
2175,2.3911880177887198e-05
2176,2.4188905045988328e-05
2177,2.3342702972990495e-05
2178,2.5443455156346966e-05
2179,3.101798519275317e-05
2180,3.570759410541867e-05
2181,3.492646162473737e-05
2182,3.2620279848305766e-05
2183,3.147997599405737e-05
2184,3.192835372560816e-05
2185,3.5274173128499894e-05
2186,4.3207966000946614e-05
2187,4.579806178393467e-05
2188,4.086366542644333e-05
2189,3.516621575817379e-05
2190,3.67922396684058e-05
2191,4.0446175926384035e-05
2192,4.021163683220995e-05
2193,3.614162084191387e-05
2194,3.302052722805844e-05
2195,3.096457922573508e-05
2196,3.0128862300314317e-05
2197,3.0557778628746736e-05
2198,3.214985246817378e-05
2199,3.66163160736069e-05
2200,4.10714519749612e-05
2201,4.0854523963744834e-05
2202,3.491907135790521e-05
2203,3.313393092766696e-05
2204,3.72177582363051e-05
2205,4.1534180701567586e-05
2206,4.5213795658680206e-05
2207,4.617404023229441e-05
2208,3.732326503379938e-05
2209,2.5462481513951366e-05
2210,2.1159336197222665e-05
2211,2.8699297234521387e-05
2212,3.3403928984681775e-05
2213,3.369352611744596e-05
2214,3.328104790115512e-05
2215,3.3787573045135676e-05
2216,3.417360159555852e-05
2217,3.2048817277734436e-05
2218,2.9127679393145516e-05
2219,2.8473359926332275e-05
2220,3.208790529112837e-05
2221,3.4869288934535085e-05
2222,3.6685152389107625e-05
2223,3.7282293658813344e-05
2224,3.5923514352976126e-05
2225,3.367893832546505e-05
2226,3.1619096941136965e-05
2227,3.0521141188184626e-05
2228,3.22512951696009e-05
2229,4.120294035137808e-05
2230,4.610688902979714e-05
2231,4.5867338651854606e-05
2232,4.327098702451384e-05
2233,3.9069719454726224e-05
2234,3.490370709228545e-05
2235,3.584442968682364e-05
2236,3.9756937173443576e-05
2237,3.990066189330386e-05
2238,2.7928319487102743e-05
2239,2.191872190911098e-05
2240,2.483142321487213e-05
2241,3.0185027226857667e-05
2242,3.175488621054633e-05
2243,3.1348856580291586e-05
2244,3.3168415168280205e-05
2245,3.654008398436877e-05
2246,3.796242399048674e-05
2247,3.41352845488982e-05
2248,3.1457188420174015e-05
2249,3.2243458843444295e-05
2250,3.290913905576778e-05
2251,2.799292099247387e-05
2252,2.068548352203137e-05
2253,1.6528783336351535e-05
2254,1.5813766759982366e-05
2255,1.745232438654075e-05
2256,2.358652120249407e-05
2257,2.7848320674680418e-05
2258,2.9017563315965312e-05
2259,2.8172269882332086e-05
2260,2.541081572898914e-05
2261,2.2247809059351624e-05
2262,2.1573796899399928e-05
2263,2.3589918963027186e-05
2264,2.5730596209374086e-05
2265,2.8728269062989333e-05
2266,2.926282986154703e-05
2267,2.606435872216354e-05
2268,2.0752436475939997e-05
2269,1.2881163498683651e-05
2270,5.9460368777110115e-06
2271,7.671653169209474e-06
2272,1.9768693937666465e-05
2273,2.604116914419765e-05
2274,2.1943458927449323e-05
2275,1.810599954544091e-05
2276,1.7614469704429025e-05
2277,1.8803774001503453e-05
2278,1.988720804533776e-05
2279,2.0603067178208657e-05
2280,1.9932447271884838e-05
2281,1.7274115426067224e-05
2282,1.6825842325716e-05
2283,1.988629940597315e-05
2284,2.2434757478441122e-05
2285,2.2755479639622116e-05
2286,2.1868234601870124e-05
2287,2.1122495001166676e-05
2288,2.0745508789148005e-05
2289,2.064706184417148e-05
2290,2.0546125778026455e-05
2291,2.2535120826441185e-05
2292,2.7459571713068982e-05
2293,3.181209194218005e-05
2294,3.4382192152241456e-05
2295,3.4994626097798814e-05
2296,3.224003354838498e-05
2297,2.794025295075795e-05
2298,2.472208361133077e-05
2299,2.2856481788630027e-05
2300,2.398878410956461e-05
2301,2.9080286966649576e-05
2302,3.239407270175989e-05
2303,2.9823636570478843e-05
2304,2.5574238648893107e-05
2305,2.5157217235779214e-05
2306,2.682804532704434e-05
2307,2.7599562751176504e-05
2308,2.6058615019998156e-05
2309,2.8943655140738487e-05
2310,3.7209795251327974e-05
2311,4.3078091147765086e-05
2312,3.980097038774308e-05
2313,3.438027574921791e-05
2314,3.470741896190881e-05
2315,3.7676119987056115e-05
2316,3.8074484005216685e-05
2317,3.446618897786806e-05
2318,3.463323544141999e-05
2319,3.904124875463512e-05
2320,4.135714471191019e-05
2321,3.554390685406319e-05
2322,2.8112608070961294e-05
2323,2.3704027546506436e-05
2324,2.1316068227259963e-05
2325,1.956524132357251e-05
2326,1.770941976457811e-05
2327,2.0734081960774883e-05
2328,2.859469907639172e-05
2329,3.622752856365878e-05
2330,4.13163440509866e-05
2331,4.3938104539104985e-05
2332,4.3514397743029664e-05
2333,4.084373042947432e-05
2334,3.66355076383685e-05
2335,3.056981121669626e-05
2336,2.7306033688070917e-05
2337,2.6852215134142956e-05
2338,2.767750748794429e-05
2339,3.0173060721771023e-05
2340,3.2277474997112135e-05
2341,3.205123480913482e-05
2342,3.115290437113459e-05
2343,3.142562834624324e-05
2344,3.2812773720972e-05
2345,3.5241473125184426e-05
2346,3.839943546962204e-05
2347,4.00958100942958e-05
2348,3.8180695686581697e-05
2349,3.545076856573808e-05
2350,3.279576289068546e-05
2351,3.005216212413078e-05
2352,2.6637671612895525e-05
2353,2.2831067420947154e-05
2354,1.91482584587953e-05
2355,1.6300290824131036e-05
2356,1.664531495813641e-05
2357,2.6775476409622744e-05
2358,3.1673108667731456e-05
2359,2.599206407017205e-05
2360,1.7878790142141343e-05
2361,1.773694878387316e-05
2362,2.267729810592901e-05
2363,2.6173632242842015e-05
2364,2.7736800336664e-05
2365,2.7074082839359662e-05
2366,2.211497699805618e-05
2367,1.768115281998089e-05
2368,1.4252614193478246e-05
2369,1.1808286192194535e-05
2370,1.030080943106526e-05
2371,9.804433513442127e-06
2372,1.0903061108833755e-05
2373,1.3259256598655572e-05
2374,1.5021642496441906e-05
2375,1.5818805578277022e-05
2376,1.6243321889422635e-05
2377,1.6393765033675787e-05
2378,1.606538276730587e-05
2379,1.3848231127890286e-05
2380,1.1905389452292483e-05
2381,1.4134568172752355e-05
2382,1.9161871528548726e-05
2383,2.0003838791416954e-05
2384,1.5479971205761475e-05
2385,1.0778125949652552e-05
2386,6.2995306319755925e-06
2387,3.6633156189830993e-06
2388,6.915158582572188e-06
2389,1.0322826038215013e-05
2390,7.332648082631486e-06
2391,7.69299793391994e-07
2392,1.138084571436645e-07
2393,5.089753313290201e-06
2394,7.052831213573645e-06
2395,4.552002915217461e-06
2396,2.1446813171469427e-06
2397,2.9813046791702213e-06
2398,5.148539526727823e-06
2399,9.267460690389284e-06
2400,1.293127633636818e-05
2401,1.05576680121773e-05
2402,3.1017010470525677e-06
2403,1.529524206948372e-06
2404,2.558170050549339e-06
2405,1.8684621092824311e-06
2406,4.768798210017552e-07
2407,3.320646237658377e-06
2408,7.071857571178046e-06
2409,1.0026069928638753e-05
2410,8.602991997218612e-06
2411,4.372450269865361e-06
2412,1.174250620910204e-06
2413,5.259524042864385e-07
2414,1.5736917897357355e-07
2415,6.329477182671029e-06
2416,1.0681022689554604e-05
2417,1.1553041134317833e-05
2418,1.0336708946325201e-05
2419,7.645605507423998e-06
2420,4.584135707293201e-06
2421,1.0860542293475263e-06
2422,4.258572425715671e-07
2423,6.169050019217651e-07
2424,4.125944119914108e-06
2425,6.519988569450846e-06
2426,6.687040539908014e-06
2427,6.990718829371027e-06
2428,8.339073563588819e-06
2429,9.866920367201068e-06
2430,1.1286027819943127e-05
2431,1.2417729888206545e-05
2432,1.1078279819761928e-05
2433,6.931794943302404e-06
2434,4.013446306217577e-06
2435,2.945407917362901e-06
2436,2.4577725597367883e-06
2437,0.0
2438,0.0
